number_of_responses,task_id,file_id,sentence,tokens_id,publisher,source,What is your perceived reliability of this source of information?,Agreement %: What is your perceived reliability of this source of information?,Optional Comments:
7,f5debfb1-2c64-46eb-8855-84fb98ae6604,NaturalNews_20170706T012448.conll.annot,4,20 21,NaturalNews,the science,3 - The source is potentially reliable,0.71,""
7,ff65a55f-4aaa-42cc-b0d4-d9a117b1d266,vk-ovg-ox-ac-uk_20170821T010049.conll.annot,68,1,vk.ovg.ox.ac.uk,Doctor,4 - The source is somewhat reliable,0.57,""
7,e8d68b50-969b-495d-aaca-f2ff2c65b588,Child-Health-Safety_20170626T115833.conll.annot,291,3,________________Child Health Safety_________________,CDR,1 - The source is totally unreliable,0.29,""
7,fe3d89b1-242e-420d-b961-0309d4cde49a,NY-Daily-News_20160704T092017.conll.annot,20,31,NY Daily News,Rutherford,3 - The source is potentially reliable,0.57,""
7,fc5811b5-76ad-446c-800d-826e92ccc1e2,nytimes-com_20161229T124138.conll.annot,384,1,www.nytimes.com,Doctors,4 - The source is somewhat reliable,0.43,""
7,fe1ca374-800f-4cc8-b206-ff7066d349de,Whattoexpect_20161206T224915.conll.annot,58,1 2,Whattoexpect,The CDC,5 - The source is fully reliable,0.43,""
7,fe22b600-5449-4d19-b8fa-e94f8c9f5889,Newstarget-com_20170301T142751.conll.annot,43,17 18 19 20 21 22 23,Newstarget.com,"GlaxoSmithKline , Merck and Johnson & Johnson",3 - The source is potentially reliable,0.43,""
7,fd5123dd-1792-44a2-9c09-851befeb2151,Washington-Post_20170826T112301.conll.annot,58,7,Washington Post,Wakefield,3 - The source is potentially reliable,0.43,""
7,fe8badfa-de7a-4e7c-99cb-91942b4e8836,NaturalNews_20170628T201245.conll.annot,6,1 2 3,NaturalNews,Numerous scientific studies,3 - The source is potentially reliable,0.57,""
7,fe191ed5-702f-4a94-b7af-ad9844ae5431,WIRED_20170525T041726.conll.annot,19,16,WIRED,Wallace,3 - The source is potentially reliable,0.57,""
7,fd1b33bc-c351-4584-be63-4bd37a842c79,influenzareport-com_20161018T081025.conll.annot,222,36 37,www.influenzareport.com,Fedson 2005,3 - The source is potentially reliable,0.43,""
7,f9c4ca2e-dc66-4f63-94f0-16e4b1c8a548,Stop-Mandatory-Vaccination_20170324T022210.conll.annot,171,1 2,Stop Mandatory Vaccination,Anna Maus,1 - The source is totally unreliable,0.43,""
7,fa5f29cd-5e5d-460d-b2f4-4c6c42768803,SELF_20170611T091338.conll.annot,9,16,SELF,Ehresmann,3 - The source is potentially reliable,0.29,""
7,fbfe494e-1b36-41d3-b633-b7732346bb07,thinktwice-com_20170627T191857.conll.annot,168,21 22 23 24 25 26,www.thinktwice.com,VAERS Hepatitis B adverse reaction reports,1 - The source is totally unreliable,0.43,""
7,fd680cd2-ccbb-488e-9fcf-7e800f20f310,Global-Freedom-Movement_20170830T214655.conll.annot,62,11 12,Global Freedom Movement,the CDC,5 - The source is fully reliable,0.43,""
7,fb1a9b70-5d3b-46b8-8974-51be32e5a7bb,LifeSiteNews_20170611T045238.conll.annot,45,1 2 3 4 5 6 7 8,LifeSiteNews,Brian Clowes of Human Life International in Virginia,3 - The source is potentially reliable,0.43,""
7,f86db765-cbe4-4a1b-9aca-061391fd260b,nature-com_20170423T083747.conll.annot,100,13 14 15 16 17 18 19 20 21 22 23 24 25 26 27,www.nature.com,"James Cherry , a paediatric-infectious-disease specialist at the University of California , Los Angeles ,",5 - The source is fully reliable,0.57,""
7,f8b59836-4a8a-4d7b-b8de-ca7e67cd0e18,ABC-News_20170511T203024.conll.annot,26,14 15,ABC News,the AAP,5 - The source is fully reliable,0.57,""
7,f6cb1fea-367b-4240-918e-499500a2e986,healthtalk-org_20161031T152854.conll.annot,78,6 7 8 9 10 11 12 13 14 15 16 17 18 19 20 21 22 23,www.healthtalk.org,Parents who decided that their child should not have MMR or that they should be given single vaccines,2 - The source is somewhat unreliable,0.71,""
7,fa2dbba9-2292-4b68-9f28-ce662cddac89,AGE-OF-AUTISM_20170620T044415.conll.annot,235,1 2 3,AGE OF AUTISM,Dr. Gregory Poland,1 - The source is totally unreliable,0.43,""
7,f7ea9d72-d117-405a-a65a-a07e199f2657,thinktwice-com_20170627T191857.conll.annot,201,21 22,www.thinktwice.com,drug companies,2 - The source is somewhat unreliable,0.57,""
7,fa5c728a-8a64-4137-90cf-7e15267ac5e5,Banning-Beaumont-CA-Patch_20150812T082915.conll.annot,19,21 22,Banning-Beaumont CA Patch,the CDC,5 - The source is fully reliable,0.57,""
7,f8dc27cd-c102-486a-bac3-1a167fc97239,Child-Health-Safety_20170626T115833.conll.annot,177,23 24 25 26 27 28 29 30 31 32 33 34 35,________________Child Health Safety_________________,Small Pox – Big Lie – Bioterrorism Implications of Flawed Theories of Eradication,1 - The source is totally unreliable,0.43,""
7,f062bc9b-c487-4c9a-b671-e0fa0b9483c0,Live-Science_20170315T223305.conll.annot,4,39 40 41 42 43,Live Science,the American Academy of Pediatrics,5 - The source is fully reliable,0.71,""
7,f4d8137d-bce8-43e4-90f8-9bf98c28094f,Veazie-Vet_20170312T000521.conll.annot,3,1 2,Veazie Vet,Game wardens,3 - The source is potentially reliable,0.43,""
7,f802ace1-e0cf-4967-b5c1-5d859ec578a0,Truth4Dogs_20161026T182655.conll.annot,91,6 7,Truth4Dogs,this veterinarian,3 - The source is potentially reliable,0.43,""
7,f7b8724b-e979-4c7f-b582-5c37754e71ba,Fox-News_20161029T114432.conll.annot,73,2,Fox News,Stockwell,3 - The source is potentially reliable,0.29,""
7,f56ac229-514b-42d7-933a-e852744ffaa2,NPR-org_20161222T133200.conll.annot,5,16,NPR.org,Brown,3 - The source is potentially reliable,0.57,""
7,f67d1fd8-5f70-41c0-9ba5-655c6fa13be9,Petful_20170310T005844.conll.annot,67,2 3,Petful,the veterinarian,4 - The source is somewhat reliable,0.43,""
7,f81ac6ad-bb7b-43ee-9051-74b527eea6ec,fitfortravel-nhs-uk_20160812T212733.conll.annot,27,1 2 3 4 5,www.fitfortravel.nhs.uk,The Saudi Ministry of Health,4 - The source is somewhat reliable,0.43,""
7,f3a93d66-1c21-4ce9-80ee-aab721dc0ff0,ThinkProgress_20160723T110700.conll.annot,6,5 6 7 8 9 10 11,ThinkProgress,the new research published in JAMA Pediatrics,4 - The source is somewhat reliable,0.43,""
7,f7406abc-08a9-45f7-aae5-6e6946a38329,Child-Health-Safety_20170626T115833.conll.annot,104,3 4 5 6 7 8 9 10 11 12 13 14 15 16 17 18 19 20 21 22,________________Child Health Safety_________________,The British Medical Association ( ‘ BMA ’ ) and The Royal Pharmaceutical Society of Great Britain ( RPSGB ),5 - The source is fully reliable,0.57,""
7,f14831d9-048a-4606-b6d1-f4b0751160bd,Newstarget-com_20170301T142751.conll.annot,12,11,Newstarget.com,FirecePharma.com,2 - The source is somewhat unreliable,0.71,""
7,c30e7657-231e-4cd9-bac9-95dff5699cf3,vaccine-injury-info_20170922T015859.conll.annot,346,14,vaccine-injury.info,doctors,3 - The source is potentially reliable,0.43,""
7,f396a3d1-dc44-480b-a0fd-fcf76f20fbb1,Science-Based-Medicine_20170701T065108.conll.annot,76,10 11 12 13 14 15 16 17 18,Science-Based Medicine,"that study , Brian Hooker ’s now-retracted paper ,",1 - The source is totally unreliable,0.71,""
7,f1367228-631a-4677-983a-904c4b0cf2f7,reasonable-hank_20170912T094538.conll.annot,27,161,reasonable hank,Tommey,2 - The source is somewhat unreliable,0.57,""
7,cbf21dc2-1e37-47ac-b430-2a6be7135fb7,Heavy-com_20161018T051334.conll.annot,47,1 2,Heavy.com,The antivaccinationists,1 - The source is totally unreliable,0.86,""
7,ef6854c1-e5dc-47e0-b42b-bff6e58f6b2c,en-wikipedia-org_20170706T122510.conll.annot,121,4 5,en.wikipedia.org,Some parents,2 - The source is somewhat unreliable,0.43,""
7,efb30f57-09b8-4e03-b1b8-0cc80f84a158,Hepatitis-B-Foundation_20160630T014450.conll.annot,42,1 2 3 4 5 6 7 8 9 10 11 12 13 14 15 16 17 18 19 20 21,Hepatitis B Foundation,"Dr. Thomas London , VP of the HBF board and a member of the board of medical and scientific advisors ,",5 - The source is fully reliable,0.71,""
7,f5d6b48f-3928-4cfb-8d23-8db2a8124392,National-Vaccine-Information-Center-(NVIC)_20170616T025538.conll.annot,18,6,National Vaccine Information Center (NVIC),scientists,4 - The source is somewhat reliable,0.71,""
7,e82b7599-d9c7-4e5e-bc58-1ad734f4b2c0,AGE-OF-AUTISM_20170620T044415.conll.annot,277,1,AGE OF AUTISM,Cia,1 - The source is totally unreliable,0.43,""
7,f22fe431-2f62-4ec5-8469-b13404824ebe,National-Vaccine-Information-Center-(NVIC)_20170616T025538.conll.annot,41,16,National Vaccine Information Center (NVIC),doctors,4 - The source is somewhat reliable,0.43,""
7,f3cf1218-8a8d-490e-afe9-3a88ece6031c,sharylattkisson-com_20171001T192931.conll.annot,33,8 9,sharylattkisson.com,the critics,3 - The source is potentially reliable,0.29,""
7,ecf0e393-5eba-4bff-bc20-2817504d5689,sharylattkisson-com_20171001T192931.conll.annot,77,11 12,sharylattkisson.com,the government,3 - The source is potentially reliable,0.29,""
7,ec85f4b8-3199-448a-ad5c-54bede3ac386,Respectful-Insolence_20170806T205046.conll.annot,15,21 22,Respectful Insolence,RFK Jr.,1 - The source is totally unreliable,0.43,""
7,e2f0a59c-db14-4f5b-9d5b-9a93ba64bca7,thinktwice-com_20170627T225319.conll.annot,153,15 16 17 18,www.thinktwice.com,my nursing school supervisor,2 - The source is somewhat unreliable,0.43,""
7,e9c7f600-f5e9-46ba-a72f-5f9c0c289b88,historyofvaccines-org_20161124T080529.conll.annot,62,1 2 3 4 5 6 7 8 9 10 11 12 13 14 15 16 17 18 19 20,www.historyofvaccines.org,"Scott C. Weaver , MS , PhD , visiting Philadelphia from the University of Texas Medical Branch at Galveston ,",4 - The source is somewhat reliable,0.43,""
7,f4303ae2-a6bf-4418-9e01-d93d5cf2ca83,Fox-News_20161029T114432.conll.annot,105,1,Fox News,Studies,3 - The source is potentially reliable,0.86,""
7,f0b867c3-1186-4481-9dbf-324b54452aac,Ars-Technica_20170629T055731.conll.annot,16,5 6 7 8 9 10 11,Ars Technica,people from the state public health department,4 - The source is somewhat reliable,0.57,""
7,dc64bfe4-bd48-43ae-b7cb-6410eda6f3cd,PolitiFact_20170926T234644.conll.annot,3,1,PolitiFact,Trump,1 - The source is totally unreliable,0.57,""
7,ef0a5759-fcfa-4ef0-a8e1-8a4daab943c0,VaxTruth-org_20170606T065016.conll.annot,16,26 27,VaxTruth.org,Dr. Christenson,1 - The source is totally unreliable,0.43,""
7,e8f431a3-b41c-4473-a07c-03b49a5fd219,NBC-News_20170816T081550.conll.annot,34,3 4,NBC News,De Niro,3 - The source is potentially reliable,0.43,""
7,e906290e-7ecf-4f11-b7ae-28db162f4048,The-Conversation_20170404T205549.conll.annot,13,14 15,The Conversation,some parents,2 - The source is somewhat unreliable,0.71,""
7,eb93d463-5966-403c-bdbe-5c0c69c3728d,latimes-com_20170628T014330.conll.annot,21,1 2 3 4 5 6 7 8 10 11 12 13 14 15 16 17 18 19 20 21 22 23,latimes.com,"Another parent in the Inglewood Facebook group , asked not to be identified because she risks being removed from the forum ,",2 - The source is somewhat unreliable,0.57,""
7,ecc56e99-12c6-4035-b1af-8354f2d8a604,Stop-Mandatory-Vaccination_20170324T022210.conll.annot,182,1 2,Stop Mandatory Vaccination,Chantel Pavlick,1 - The source is totally unreliable,0.43,""
7,dc7c2c49-6b1e-4c26-98d1-415108d7ee8a,nap-edu_20160617T022642.conll.annot,30,14 15 16 17 18,www.nap.edu,"Fujinami et al. , 1985",3 - The source is potentially reliable,0.57,""
7,e75d1b0b-4722-4ee1-bfac-1678a941a62a,Stop-Mandatory-Vaccination_20161120T082441.conll.annot,20,3 4,Stop Mandatory Vaccination,the CDC,5 - The source is fully reliable,0.29,""
7,ebeb9f06-a4d1-4fc4-869e-a6b012cd8bbd,en-wikipedia-org_20170615T120212.conll.annot,119,14 15 16,en.wikipedia.org,the US government,4 - The source is somewhat reliable,0.57,""
7,e6452c2c-e38f-413c-8838-ebb421e9e321,nature-com_20170423T083747.conll.annot,5,11 12 13 14 15 16 17 18 19 20 21 22 23 24 25 26 27 28 29 30,www.nature.com,"Salamone , who has retired from a position as a non-profit executive , and lives in Mount Holly , Virginia",4 - The source is somewhat reliable,0.43,""
7,c935e784-9971-467a-9de0-791223df4187,NaturalNews_20170606T044813.conll.annot,24,4 5 6,NaturalNews,the mainstream media,2 - The source is somewhat unreliable,0.43,""
7,eacc56b3-ed12-44d8-94ea-a073b79888fa,reasonable-hank_20170912T094538.conll.annot,27,90,reasonable hank,Hooker,1 - The source is totally unreliable,0.43,""
7,e9c96a82-11ec-49ce-890f-3612197e543e,vaccine-injury-info_20170922T015859.conll.annot,174,3 4,vaccine-injury.info,Dr Mendelsohn,1 - The source is totally unreliable,0.29,""
7,e1429744-caf8-4f24-bff0-aca54a49c5df,VaxTruth-org_20170606T065016.conll.annot,43,4 5,VaxTruth.org,Clin .,1 - The source is totally unreliable,0.43,""
7,e7d08ead-8cde-4b83-b1cc-e4ed53c0050b,jabs-org-uk_20160617T081707.conll.annot,27,1 2 3 4 5 6 7,www.jabs.org.uk,The Medicines and Healthcare products Regulatory Agency,4 - The source is somewhat reliable,0.43,""
7,e1c1d3e4-7082-49c9-8eab-1c0f95feebdb,Modern-Alternative-Health_20170627T011209.conll.annot,161,1 2,Modern Alternative Health,The doctor,3 - The source is potentially reliable,0.71,""
7,a7b040c3-9eb2-430a-94e5-1fa40cf60718,nap-edu_20160617T022642.conll.annot,61,1 2 3 4 5 6 7 8 9 10 11 12 13 14,www.nap.edu,A representative of the National Institute of Allergy and Infectious Diseases ( NIAID ),5 - The source is fully reliable,0.71,""
7,e0ce49c8-4915-4df1-8f8d-41cf9209bd40,Science-|-AAAS_20170707T030050.conll.annot,12,14 15 16 17 18 19 20 21 22 23 24 25 26 27 28 29 30 31 32 33 34 35 36 37 38,Science | AAAS,a recent report in Clinical Infectious Diseases that tracked symptoms in the 88 people with whom “ Measles Mary ” interacted while she was sick,4 - The source is somewhat reliable,0.43,""
7,e5e91733-3f83-4f10-8f2f-5730ef831382,influenzareport-com_20161018T081025.conll.annot,110,1 2,www.influenzareport.com,Previous studies,3 - The source is potentially reliable,0.57,""
7,e6558fd9-e90f-4c1e-8c1e-65ff5d444c29,NaturalNews_20170704T132504.conll.annot,44,5 6,NaturalNews,government authorities,4 - The source is somewhat reliable,0.57,""
7,e22eb13e-3f1b-4396-844f-8c2b9763b829,Fox-News_20161029T114432.conll.annot,82,4,Fox News,Singer,1 - The source is totally unreliable,0.29,""
7,e08b6cdb-18e6-4ec0-baa5-aed21b0ad094,Respectful-Insolence_20170620T075501.conll.annot,48,6,Respectful Insolence,Quackenboss,1 - The source is totally unreliable,0.43,""
7,da209eb8-a2f4-491b-a61d-19e00450856f,Stop-Mandatory-Vaccination_20170324T022210.conll.annot,128,1 2,Stop Mandatory Vaccination,Beth Love,2 - The source is somewhat unreliable,0.43,""
7,dbbaaa1c-7397-4b08-bf03-cc531f197f2c,vaccine-injury-info_20170922T015859.conll.annot,191,1,vaccine-injury.info,Doctors,1 - The source is totally unreliable,0.29,""
7,e06f367c-a1b8-4039-af58-7df0901d3eff,National-Vaccine-Information-Center-(NVIC)_20170616T025538.conll.annot,36,10 11,National Vaccine Information Center (NVIC),Dr. Cherry,4 - The source is somewhat reliable,0.57,""
7,d95e42ca-9c8e-4bc0-bd44-030f5532cb5a,NaturalNews_20170707T040258.conll.annot,15,4 5,NaturalNews,Joan Wlochowski,2 - The source is somewhat unreliable,0.43,""
7,df077f84-7101-442f-bf4f-0675411704e1,sharylattkisson-com_20171001T192931.conll.annot,55,2,sharylattkisson.com,Critics,3 - The source is potentially reliable,0.57,""
7,e11f6446-f8e6-423f-a010-2b4881cc3c3b,CIDRAP_20161223T092534.conll.annot,2,2 3 4 5,CIDRAP,two reports issued today,3 - The source is potentially reliable,0.71,""
7,d8a15736-ccdb-417e-8570-701c4db326cf,SELF_20170611T091338.conll.annot,13,1 2 3 4 5 6 7 8 9 10 11 12 13 14 15 16 17 18 19 20 21 22 23 24 25 26 27 28 29 30 31 32 33 34 35,SELF,"Many major health organizations , including the Centers for Disease Control and Prevention ( CDC ) , the American Academy of Pediatrics , the National Academy of Medicine , and the World Health Organization ,",5 - The source is fully reliable,0.43,""
7,dd3b7915-2f34-464c-8b80-25b33874e3f4,Activist-Post_20170704T090503.conll.annot,1,1 2,Activist Post,Sayer Ji,2 - The source is somewhat unreliable,0.43,""
7,d9871043-f642-479f-9350-8dd6b7a15767,Collective-Evolution_20170926T182201.conll.annot,43,7 8 9 10 11 12 13 14 15,Collective Evolution,"vaccine manufacturers , pharmaceutical companies , and health authorities",4 - The source is somewhat reliable,0.57,""
7,decade33-80bd-476a-b270-6236cc302362,NY-Daily-News_20160704T092017.conll.annot,17,19,NY Daily News,Rutherford,3 - The source is potentially reliable,0.57,""
7,cc257c6c-999b-40dc-9b57-7e2ba967f12c,VaxTruth-org_20170606T065016.conll.annot,85,1 2 3 4 5 6 7 8 9 10 11 12 13 14,VaxTruth.org,N Engl J Med 1987 Mar 26 ; 316 ( 13 ) : 771-4,5 - The source is fully reliable,0.29,""
7,d0f3eba6-64e5-4468-ab18-7fe0131beb41,Modern-Alternative-Health_20170627T011209.conll.annot,67,24 25,Modern Alternative Health,your doctor,3 - The source is potentially reliable,0.57,""
7,d155fc1d-207f-4f50-a126-0e036e4984e0,Child-Health-Safety_20170626T115833.conll.annot,177,73 74 75 76 77 78 79 80 81 82 83 84 85 86 87 88,________________Child Health Safety_________________,Smallpox Eradication – One of History ’s Biggest Lies & How Vaccination Did Not Eradicate Smallpox,1 - The source is totally unreliable,0.43,""
7,d3de66ab-354f-4fd7-8ec9-baa0fc9e8ffa,Fox-News_20161029T114432.conll.annot,50,15,Fox News,Offit,3 - The source is potentially reliable,0.43,""
7,d9c5aa07-d2a9-419d-b3f8-578de91b27e6,thinktwice-com_20170627T225319.conll.annot,54,7 8 9 10,www.thinktwice.com,numerous unsolicited personal stories,1 - The source is totally unreliable,0.71,""
7,cddc64b1-57a6-4d07-b2ed-1c9ce1cd62f3,netmums-com_20160105T011148.conll.annot,82,3 4,www.netmums.com,their Consultant,2 - The source is somewhat unreliable,0.43,""
7,d8ea0f7e-0e34-40df-870a-59fe831b29d9,immunize-org_20161124T165410.conll.annot,346,1,www.immunize.org,Patients,3 - The source is potentially reliable,0.43,""
7,d0a4217c-d439-4c26-9a4e-07aee52a6fb1,International-Medical-Council-on-Vaccination_20170701T172125.conll.annot,72,23 24 25 26 27 28,International Medical Council on Vaccination,Vikari et al. ( 1979 ),5 - The source is fully reliable,0.29,""
7,d5563a0b-944b-45ab-891d-5a14ff905036,thinktwice-com_20170627T191857.conll.annot,20,5 6,www.thinktwice.com,every parent,2 - The source is somewhat unreliable,0.43,""
7,d75bb55e-e3d7-4a22-8f9c-7ebbe1b971c9,BBC-News_20161119T015125.conll.annot,3,1 2 3 4 5 6,BBC News,The Global Alliance for Rabies Control,5 - The source is fully reliable,0.71,""
7,d72f762b-778d-402c-aa7d-c05a5d7ad833,Stop-Mandatory-Vaccination_20161120T082441.conll.annot,183,1 2 3,Stop Mandatory Vaccination,The BMJ editor,1 - The source is totally unreliable,0.43,""
7,d2962043-eaa7-42ea-a516-261631e27f77,en-wikipedia-org_20170519T045515.conll.annot,66,4 5 6,en.wikipedia.org,Many peer-reviewed studies,3 - The source is potentially reliable,0.43,""
7,d5e2bfeb-d501-499b-80de-fabd1758b7da,petmd-com_20170209T130913.conll.annot,49,4 5,www.petmd.com,Many veterinarians,4 - The source is somewhat reliable,0.57,""
7,d2bd9b14-cfd7-4ecf-bd86-8b3fb214cdd7,CNN_20170928T102949.conll.annot,2,1,CNN,Research,3 - The source is potentially reliable,0.43,""
7,ceb24e11-22bf-498f-8de0-86dd9f463eb3,greenmedinfo-com_20170702T213636.conll.annot,16,21 22 23,www.greenmedinfo.com,[ RT-PCR ],I don't know.,0.57,""
7,d2874f06-2a61-42c0-a59c-6a7cad56a6ad,en-wikipedia-org_20170701T015555.conll.annot,55,4 5,en.wikipedia.org,The CDC,5 - The source is fully reliable,0.71,""
7,d3f2607b-fdac-45ba-9c4e-77d0769a30cf,content-healthaffairs-org_20170210T090820.conll.annot,35,1,content.healthaffairs.org,One,1 - The source is totally unreliable,0.57,""
7,d458a8ea-d8d2-452c-84cd-4598c0d70d95,nhs-uk_20170705T203045.conll.annot,24,9,www.nhs.uk,research,3 - The source is potentially reliable,0.43,""
7,ce364dba-e395-4c95-bd35-64086385238b,cid-oxfordjournals-org_20161019T051428.conll.annot,145,12 13,cid.oxfordjournals.org,professional vaccinators,3 - The source is potentially reliable,0.43,""
7,cd1994d4-1a24-48b4-8282-2a9b105c353c,yahoo-com_20161107T201934.conll.annot,24,1 2,www.yahoo.com,Health experts,4 - The source is somewhat reliable,0.57,""
7,d1edd63d-be5f-4793-87b0-101133afa49c,21st-Century-Wire_20170627T181355.conll.annot,11,13 14,21st Century Wire,the network,2 - The source is somewhat unreliable,0.43,""
7,ca13ea6a-b5d9-4123-ac68-d65cfaa11883,the-Guardian_20170928T060038.conll.annot,48,1,the Guardian,Pitney,3 - The source is potentially reliable,0.29,""
7,ca607a2a-17e6-424d-9c4a-c7ef443831d6,World-Economic-Forum_20160927T220244.conll.annot,14,4 5 6,World Economic Forum,Research from Toronto,3 - The source is potentially reliable,0.71,""
7,caf565f2-48e0-4065-8f34-f4d6c8248ba8,immunize-org_20161124T165410.conll.annot,164,1,www.immunize.org,ACIP,4 - The source is somewhat reliable,0.43,""
7,d28e2730-f1a8-4f4a-82d8-0139fb4a1e74,healthtalk-org_20161031T152854.conll.annot,79,1 2 3 4,www.healthtalk.org,Some of these parents,2 - The source is somewhat unreliable,0.71,""
7,ca419636-231c-483b-b773-568cba8f156d,Hepatitis-B-Foundation_20160630T014450.conll.annot,108,1 2 3,Hepatitis B Foundation,On going studies,3 - The source is potentially reliable,0.43,""
7,cd1a1a2b-a7ee-4230-9214-1882ab4dafe6,SELF_20170611T091338.conll.annot,23,19 20 21 22 23 24 25 26 27 28 29 30 31 32 33 34 35 36 37,SELF,"William Schaffner , M.D. , an infectious disease specialist and professor at the Vanderbilt University School of Medicine ,",5 - The source is fully reliable,0.57,""
7,c969476c-30ad-4883-b244-ffa6b55ac91a,en-wikipedia-org_20170519T045515.conll.annot,67,38 39 40 41,en.wikipedia.org,the Cochrane Library review,3 - The source is potentially reliable,0.43,""
7,c4c654f7-5bab-4d8d-8f42-f24922d29ed5,Skeptical-Raptor_20170628T161832.conll.annot,28,4 5,Skeptical Raptor,Jewish scholars,3 - The source is potentially reliable,0.43,""
7,caa8a5eb-0a57-4255-809f-eeab15475ef1,reasonable-hank_20170912T094538.conll.annot,8,7 8 9 10 11 12 13 14 15 16 17 18,reasonable hank,official Vaxxed New Zealand spokesperson – and child abuser – Sarah Cox,1 - The source is totally unreliable,0.43,""
7,c6fc21c3-9378-4804-96cc-e2b6e490d3f5,sharylattkisson-com_20171001T192931.conll.annot,63,1 2 3 4 5,sharylattkisson.com,A Chinese study in 2012,3 - The source is potentially reliable,0.43,""
7,c2d2882b-60b9-45d3-8883-f14da7533ff7,Skeptical-Raptor_20170628T161832.conll.annot,199,1,Skeptical Raptor,Jesus,1 - The source is totally unreliable,0.71,""
7,c933ea81-8477-4f37-816b-46d992dca947,mom-me_20150906T191238.conll.annot,20,5 6 7 8,mom.me,all those anti-vaxxers peeps,1 - The source is totally unreliable,0.71,""
7,c68a9936-7dac-4061-b0de-da81e6b5566f,NBC-News_20170816T081550.conll.annot,19,1 2 3 4 5 6 7 8 9 10 11 12 13,NBC News,"Noor , himself the father of four young kids 10 and younger ,",3 - The source is potentially reliable,0.43,""
7,c04bd886-5d4e-46a4-bb58-44a298b6865e,CNN_20170808T234859.conll.annot,45,25 26,CNN,the CDC,4 - The source is somewhat reliable,0.43,""
7,c10f4384-0060-4d7a-9aa8-7266fb8e33b5,Banning-Beaumont-CA-Patch_20150812T082915.conll.annot,26,1,Banning-Beaumont CA Patch,Experts,3 - The source is potentially reliable,0.57,""
7,c29e3088-a432-4d69-ba31-380a548a58ab,Stop-Mandatory-Vaccination_20161120T082441.conll.annot,140,4 5 6 7 8,Stop Mandatory Vaccination,the Galaxo-Smith-Kline flu vaccine insert,1 - The source is totally unreliable,0.57,""
7,c5eba5a5-904b-48ea-8dc9-b6d21a5e6504,Global-News_20161110T054038.conll.annot,22,6,Global News,Diaz,2 - The source is somewhat unreliable,0.43,""
7,c84c0186-5e24-4830-87f1-d1e5a5cd23f1,Health-Impact-News_20170428T192431.conll.annot,82,7 8,Health Impact News,the CDC,5 - The source is fully reliable,0.43,""
7,c322d1e5-94ee-4944-81c1-f5859fc8acd5,nature-com_20170423T083747.conll.annot,61,22 23 24 25 26 27 28 29 30 31 32 33 34 35 36 37 38 39 40 41 42 43 44 45 46 47 48 49 50,www.nature.com,"Jan Bonhoeffer , a paediatric-infectious-disease specialist at the University Children 's Hospital Basel in Switzerland , and chief executive of the Brighton Collaboration , an international vaccine-safety research network",4 - The source is somewhat reliable,0.57,""
7,c8e1569a-09ac-4862-a149-83ad46ae6ef4,Global-News_20161110T054038.conll.annot,1,1 2 3 4 5 6 7 8 9 10 11 12,Global News,The filmmaking team behind the documentary Vaxxed : From Cover-Up to Catastrophe,2 - The source is somewhat unreliable,0.43,""
7,c33e3f59-d862-4aaa-9ea6-4f76f3c9f953,phac-aspc-gc-ca_20160810T020655.conll.annot,244,1 2,www.phac-aspc.gc.ca,Some guidelines,3 - The source is potentially reliable,0.57,""
7,c16d00da-b987-419a-932b-6eb3eac89c5f,NaturalNews_20170704T132504.conll.annot,16,7 8 9 10 11,NaturalNews,the LifeSiteNews article linked above,3 - The source is potentially reliable,0.57,""
7,c0267cff-ab5c-45e7-a0e3-cc8cb5c08a21,Stop-Mandatory-Vaccination_20161120T082441.conll.annot,166,2,Stop Mandatory Vaccination,Thompson,2 - The source is somewhat unreliable,0.43,""
7,bc01df27-6f7d-4b45-af77-7ef07e1d52cc,vaccinepapers-org_20170929T065440.conll.annot,11,22 23,vaccinepapers.org,vaccine advocates,3 - The source is potentially reliable,0.71,""
7,bb0a36a9-c975-42af-929f-fe8a2bd4927f,content-healthaffairs-org_20170210T090820.conll.annot,58,7 8 9 10,content.healthaffairs.org,the U.S. Supreme Court,5 - The source is fully reliable,0.57,""
7,c30fab4d-80cb-4729-8c07-6241fc60b507,Banning-Beaumont-CA-Patch_20150812T082915.conll.annot,1,1 2 3,Banning-Beaumont CA Patch,A new report,3 - The source is potentially reliable,0.57,""
7,ba7261a3-d372-4a58-8b2b-8a6ed5a5e1aa,Skeptical-Raptor_20170628T161832.conll.annot,337,1 2,Skeptical Raptor,one side,1 - The source is totally unreliable,0.57,""
7,bfec09da-a89f-4bc2-856c-42d41d33f044,Fox-News_20161029T114432.conll.annot,122,27,Fox News,Offit,3 - The source is potentially reliable,0.43,""
7,bf48cbc7-4861-461c-b934-55f5f4449816,AGE-OF-AUTISM_20170620T044415.conll.annot,150,4 5 6 7,AGE OF AUTISM,Dr. William Thompson 's,3 - The source is potentially reliable,0.43,""
7,bed3b17e-81a3-408d-83d5-e58b94ccd366,nap-edu_20160617T022642.conll.annot,55,1 2,www.nap.edu,Other studies,3 - The source is potentially reliable,0.86,""
7,b6c1a24c-89b9-45da-9208-228ecd487e58,netmums-com_20160105T011148.conll.annot,79,1,www.netmums.com,Studies,3 - The source is potentially reliable,0.57,""
7,b8b4eadb-d359-4a73-a798-f99e0db1684a,phac-aspc-gc-ca_20160810T020655.conll.annot,75,13 14,www.phac-aspc.gc.ca,older studies,3 - The source is potentially reliable,0.43,""
7,bddb3aa1-af4b-4464-9998-e50237c9b1e6,Banning-Beaumont-CA-Patch_20150812T082915.conll.annot,26,22 23,Banning-Beaumont CA Patch,the CDC,4 - The source is somewhat reliable,0.43,""
7,bdf47160-fd76-4d20-9c7b-c6be824bb7ba,Vaccines-News_20170313T151349.conll.annot,7,2 3,Vaccines News,most Americans,3 - The source is potentially reliable,0.43,""
7,b3b8631e-b5d9-4c92-af24-426e48fa642d,vaccine-injury-info_20170922T015859.conll.annot,82,2 3 4,vaccine-injury.info,Dr Len Horowitz,4 - The source is somewhat reliable,0.43,""
7,be3459f1-8ae8-40e7-ac68-181e3009a7c4,vaccine-injury-info_20170922T015859.conll.annot,315,38 39 40 41 42 43,vaccine-injury.info,Vaccination and Immunization by Leon Chaitow,3 - The source is potentially reliable,0.43,""
7,b27883e8-29cc-47d8-8661-c9b65d86c135,Epilepsy-Foundation_20161027T230500.conll.annot,117,16 17 18,Epilepsy Foundation,all doctors involved,3 - The source is potentially reliable,0.29,""
7,b462b830-7510-4e44-97c9-8c32f4d5e817,nytimes-com_20161229T124138.conll.annot,352,23 24,www.nytimes.com,older people,2 - The source is somewhat unreliable,0.57,""
7,b4e5af84-5383-4f6d-b19f-175fcc451189,Respectful-Insolence_20170620T075501.conll.annot,178,15 16,Respectful Insolence,many people,2 - The source is somewhat unreliable,0.43,""
7,b75025ae-df3e-4b68-b11a-3e34ab4c703f,vaccine-injury-info_20170922T015859.conll.annot,10,1 2,vaccine-injury.info,My husband,1 - The source is totally unreliable,0.71,""
7,b7db196d-1957-4800-b73f-78fc4b832cc7,nytimes-com_20161229T124138.conll.annot,388,1,www.nytimes.com,Parents,2 - The source is somewhat unreliable,0.57,""
7,ba45a033-8aa5-4862-b280-ddda323edf4c,LifeSiteNews_20170611T045238.conll.annot,20,2 3,LifeSiteNews,Dr. Ngare,4 - The source is somewhat reliable,0.43,""
7,b8f69a12-fa24-482a-840b-a8c9512c8300,immunize-org_20161124T165410.conll.annot,251,1,www.immunize.org,ACIP,4 - The source is somewhat reliable,0.57,""
7,b4834bde-f3c3-4f4d-a5b1-bd88d40133cf,immunize-org_20161124T165410.conll.annot,64,1,www.immunize.org,ACIP,4 - The source is somewhat reliable,0.57,""
7,b2254284-e86e-47fa-ae9f-3e1d0aac9019,CNN_20170928T102949.conll.annot,11,47,CNN,Osterholm,3 - The source is potentially reliable,0.43,""
7,b7ae55de-3dfc-47ef-8a04-8a06a67ae438,cid-oxfordjournals-org_20161019T051428.conll.annot,125,26 27 28 29,cid.oxfordjournals.org,86.7 % of respondents,3 - The source is potentially reliable,0.43,""
7,b7658882-d586-4af1-8909-1c01561c6ae4,thinktwice-com_20170627T225319.conll.annot,64,5,www.thinktwice.com,Wakefield,2 - The source is somewhat unreliable,0.57,""
7,aecd7efb-6baa-4245-a5e5-43c91d559c29,Epilepsy-Foundation_20161027T230500.conll.annot,88,40 41 42 43 44 45,Epilepsy Foundation,the people responsible for the vaccines,2 - The source is somewhat unreliable,0.43,""
7,b70cdc76-618c-459e-936b-08a3e9fb9ca2,en-wikipedia-org_20170318T104602.conll.annot,27,3 4 5 6,en.wikipedia.org,the sinologist Joseph Needham,3 - The source is potentially reliable,0.57,""
7,b2f1acd0-55f7-4da0-9649-999f5c28d12f,Science-News-for-Students_20160715T223017.conll.annot,65,1 2,Science News for Students,The researchers,3 - The source is potentially reliable,0.86,""
7,b0b007ff-3012-4465-97f3-c830b6231f88,CNN_20170808T234859.conll.annot,36,1 2,CNN,Some parents,1 - The source is totally unreliable,0.43,""
7,aec17a30-71c1-4122-b6af-21b0b8b8dbe9,PublicHealth-org_20170623T200727.conll.annot,67,6 7 8 9 10 11 12 13,PublicHealth.org,the Centers for Disease Control ( CDC ),5 - The source is fully reliable,0.86,""
7,af7497e5-e0fd-483e-b462-683b8f323bed,cdc-gov_20170703T010627.conll.annot,5,18,www.cdc.gov,studies,3 - The source is potentially reliable,0.43,""
7,b35d69ab-ed5b-43fc-8fb1-9b72095e6f43,Washington-Post_20170826T112301.conll.annot,91,26 27 28 29 30 31 32 33 34 35 36 37 38 39,Washington Post,"Anna Dragsbaek , who heads the Immunization Partnership , a Houston-based immunization advocacy group",5 - The source is fully reliable,0.57,""
7,b015effc-adf0-48ca-99e0-b3e69ffb4a4b,ABC-News_20170511T203024.conll.annot,13,6 7 8 9 10 11 12 13 14,ABC News,its Advisory Committee on Immunization Practices ( ACIP ),4 - The source is somewhat reliable,0.71,""
7,aec752eb-fbd0-4127-bb11-3b979c2a8d89,Stop-Mandatory-Vaccination_20170324T022210.conll.annot,52,1 2 3 4 5 6,Stop Mandatory Vaccination,A friend I met years ago,1 - The source is totally unreliable,0.71,""
7,a7ae0234-6332-4b8c-a174-0beffadf83bd,Stop-Mandatory-Vaccination_20161120T082441.conll.annot,158,17 18 19 20 21 22 23,Stop Mandatory Vaccination,"CDC scientist William Thompson , PhD ,",5 - The source is fully reliable,0.43,""
7,aa93b5ae-31ef-4dc9-a9b5-272dbe3ad238,wonkette-com_20160919T234256.conll.annot,6,4,wonkette.com,scientists,2 - The source is somewhat unreliable,0.43,""
7,9ece442e-a591-41f7-a4a7-f4fa7b9bfac7,vaccine-injury-info_20170922T015859.conll.annot,37,7 8,vaccine-injury.info,many girls,1 - The source is totally unreliable,0.57,""
7,afb0a42e-7715-4a6f-ba14-ab9f68dccfef,Stop-Mandatory-Vaccination_20161120T082441.conll.annot,170,21 22,Stop Mandatory Vaccination,the authors,2 - The source is somewhat unreliable,0.57,""
7,aac06697-2124-4396-9fec-ccee1ed20b27,Epilepsy-Foundation_20161027T230500.conll.annot,43,1 2,Epilepsy Foundation,The doctor,3 - The source is potentially reliable,0.57,""
7,a8e68dd2-2aca-4252-8693-916c1fd8fefd,The-Independent_20170606T163405.conll.annot,8,33 34,The Independent,Mr Trump,1 - The source is totally unreliable,0.43,""
7,ac28cf4f-4f15-413f-ba17-b784a957801c,thinktwice-com_20170627T191857.conll.annot,9,11,www.thinktwice.com,parents,1 - The source is totally unreliable,0.57,""
7,aec02b37-e2cb-40dd-a7bc-5d5403c5355e,Parents_20170705T132137.conll.annot,54,2 3,Parents,the FDA,5 - The source is fully reliable,0.43,""
7,aa1a3385-d372-4fcf-a639-1ebcf10134f7,Fox-News_20161029T114432.conll.annot,105,18,Fox News,Offit,2 - The source is somewhat unreliable,0.29,""
7,af21b382-74a7-4fd2-9c8a-ed427eae138b,info-cmsri-org_20170226T070402.conll.annot,18,1 2,info.cmsri.org,This paper,3 - The source is potentially reliable,0.43,""
7,a1b19573-344f-4d21-9a4a-93e6a34ef037,VacTruth-com_20170326T020022.conll.annot,94,48 49,VacTruth.com,no one,1 - The source is totally unreliable,0.71,""
7,a8d680b0-99d4-4097-a219-7a138d004dc5,NPR-org_20170313T074645.conll.annot,20,1,NPR.org,Pan,2 - The source is somewhat unreliable,0.43,""
7,ac600301-5387-49fd-97a5-fddb747caa75,nap-edu_20160617T022642.conll.annot,53,5,www.nap.edu,Losonsky,3 - The source is potentially reliable,0.43,""
7,a74f67bd-c601-4b94-bfaa-bd119d48494e,Stop-Mandatory-Vaccination_20170324T022210.conll.annot,291,1 2,Stop Mandatory Vaccination,Joline Balmforth,1 - The source is totally unreliable,0.57,""
7,a5caa3a4-d4cc-4630-9415-6a78bee8f7c7,Vaccines-News_20170313T151349.conll.annot,1,1 2 3 4 5 6 7,Vaccines News,Parents who are worried about infectious diseases,2 - The source is somewhat unreliable,0.57,""
7,a37ed750-1f50-46de-b8f3-39474295e462,thinktwice-com_20170627T225319.conll.annot,153,1 2,www.thinktwice.com,The doctor,3 - The source is potentially reliable,0.43,""
7,a978ec6b-1b8b-4a69-8d53-514bc2223844,International-Medical-Council-on-Vaccination_20170308T114510.conll.annot,9,1,International Medical Council on Vaccination,Proponents,4 - The source is somewhat reliable,0.57,""
7,a5474ea8-c58f-490b-be9e-a120f84efe4a,thehealthyhomeeconomist-com_20170810T004952.conll.annot,1,2,www.thehealthyhomeeconomist.com,Sarah,2 - The source is somewhat unreliable,0.43,""
7,a5fa122f-ad1e-4810-a299-a980aef951a7,Science-News_20170517T164904.conll.annot,19,34 35 36 37 38 39 40 41 42 43,Science News,reports from a March meeting of the World Health Organization,4 - The source is somewhat reliable,0.57,""
7,a3ce0a5c-1f06-4155-a459-fb47be791548,cdc-gov_20170703T010627.conll.annot,7,1 2 3 4,www.cdc.gov,A 2013 CDC study,5 - The source is fully reliable,0.43,""
7,a0650f96-9913-44cb-9fe9-d920d5e5c1af,Skeptical-Raptor_20170628T161832.conll.annot,200,116 117 118 119,Skeptical Raptor,95 % of Americans,2 - The source is somewhat unreliable,0.57,""
7,a3cbca0e-64e0-4bc8-b84a-85a4aa39b73a,cdc-gov_20170703T010627.conll.annot,13,7 8 9 10 11,www.cdc.gov,nine CDC-funded or conducted studies,4 - The source is somewhat reliable,0.57,""
7,a045f480-35ff-438f-b811-47ecc03f16c0,VacTruth-com_20170326T020022.conll.annot,35,4 5 6 7 8,VacTruth.com,Renowned neurologist Dr. Russell Blaylock,4 - The source is somewhat reliable,0.57,""
7,a2c6b8ff-2dae-42a3-a01e-eaa376e4916f,Voices-For-Vaccines_20170228T194925.conll.annot,58,1 2,Voices For Vaccines,Amy Parker,3 - The source is potentially reliable,0.43,""
7,9f7939a6-f2d1-42e7-80ae-fc158e54138a,Respectful-Insolence_20170806T205046.conll.annot,33,1 2 3,Respectful Insolence,This CNSNews.com article,4 - The source is somewhat reliable,0.43,""
7,9ea4a4bb-3af9-4dd5-9e7e-2b3775d57fd1,sharylattkisson-com_20171001T192931.conll.annot,6,8,sharylattkisson.com,OpenSecrets.org,1 - The source is totally unreliable,0.43,""
7,a1ffaef2-8170-40ca-a114-c6a893d04a11,vaccine-injury-info_20170922T015859.conll.annot,329,1 2 3,vaccine-injury.info,The CDC website,4 - The source is somewhat reliable,0.43,""
7,9cf124f1-777d-4ac7-853c-446f0ce2f016,cdc-gov_20170521T155133.conll.annot,98,1 2,www.cdc.gov,Recent studies,3 - The source is potentially reliable,0.57,""
7,a25b5d0a-f2f9-447f-9beb-b80fe24279ed,thinktwice-com_20170627T191857.conll.annot,194,27 28,www.thinktwice.com,Modlin 's,3 - The source is potentially reliable,0.57,""
7,9f3981f5-cc18-4e83-aaa9-5b73d1ea6f65,greenmedinfo-com_20170703T045312.conll.annot,18,1 2 3 4,www.greenmedinfo.com,Authors of the report,2 - The source is somewhat unreliable,0.57,""
7,9dca8218-eafd-46a0-8ba5-68bcc5b324a0,the-Guardian_20160416T111806.conll.annot,54,9,the Guardian,Henney,3 - The source is potentially reliable,0.43,""
7,92ff84e6-09fe-4751-810d-3f135706123f,Skeptical-Raptor_20170628T161832.conll.annot,198,34,Skeptical Raptor,Jesus,1 - The source is totally unreliable,0.71,""
7,9e8c6c9a-6dbd-48c8-b919-bd26a4775fa5,Child-Health-Safety_20170626T115833.conll.annot,191,7,________________Child Health Safety_________________,Linda,2 - The source is somewhat unreliable,0.57,""
7,9e88b0d7-cc41-4914-8fe5-9b1e21565f5d,Scientific-American_20170112T025035.conll.annot,58,1 2 3 4 5 6 7 8,Scientific American,Expert groups including the IOM and the AAP,4 - The source is somewhat reliable,0.43,""
7,89c00cb8-48c3-4912-92f2-2d78b221f1c8,greenmedinfo-com_20170702T213636.conll.annot,1,26 27 28 29 30 31 32 33 34 35 36 37 38 39 40 41 42 43 44 45 46 47 48,www.greenmedinfo.com,"A provocative new study titled , \"" Epidemic of complicated mumps in previously vaccinated young adults in the South-West of France , \""",2 - The source is somewhat unreliable,0.43,""
7,9ab16be4-4ec3-43c3-be72-1d44d727e04c,CIDRAP_20161223T092534.conll.annot,2,7 8 9 10 11 12 13 14 15 16 17,CIDRAP,the US Centers for Disease Control and Prevention ( CDC ),5 - The source is fully reliable,0.71,""
7,884d2aa8-3d63-4e53-9b65-f53bfd3a0c6a,sharylattkisson-com_20171001T192931.conll.annot,53,2,sharylattkisson.com,Critics,1 - The source is totally unreliable,0.43,""
7,9c267238-c62c-4f77-aa94-0dc929102476,chicagotribune-com_20170918T235148.conll.annot,7,1,chicagotribune.com,Kennedy,3 - The source is potentially reliable,0.71,""
7,94d7d5a9-fddc-40fe-9777-8b00f2a2023b,Modern-Alternative-Health_20170627T011209.conll.annot,13,23 24,Modern Alternative Health,your doctor,3 - The source is potentially reliable,0.43,""
7,9ef8deb6-daae-4269-a63e-4aeaadea5ffb,WebMD_20170626T182528.conll.annot,31,9 10,WebMD,the CDC,5 - The source is fully reliable,0.86,""
7,9b30f4f4-a98e-4c24-8e33-bd413da5b86c,vaccine-injury-info_20170922T015859.conll.annot,188,2,vaccine-injury.info,doctors,3 - The source is potentially reliable,0.57,""
7,9cd4e7b9-dd8d-4530-88e5-9a86995d4e50,KXAN-com_20171002T213140.conll.annot,10,1,KXAN.com,Saathoff,3 - The source is potentially reliable,0.57,""
7,9df75080-ed3b-43a2-a086-c580ce89cd5a,International-Medical-Council-on-Vaccination_20170701T172125.conll.annot,27,1 2 3 4 5 6,International Medical Council on Vaccination,Robertson et al. ( 1992 ),4 - The source is somewhat reliable,0.57,""
7,9e34abaa-51ec-4cb4-99d8-ce24fe1c6b3e,Kelly-Brogan-MD_20170813T110455.conll.annot,40,1 2 3 4,Kelly Brogan MD,The Institute of Medicine,4 - The source is somewhat reliable,0.43,""
7,95393a53-455f-4b7f-bda7-71b7255efba2,AGE-OF-AUTISM_20170620T044415.conll.annot,292,2 3,AGE OF AUTISM,The Coroner,3 - The source is potentially reliable,0.57,""
7,942f1282-c945-4861-86ce-93b6adb23677,reasonable-hank_20170912T094538.conll.annot,20,52 53,reasonable hank,Andrew Wakefield,2 - The source is somewhat unreliable,0.43,""
7,9823c7b0-0ad2-4966-80f9-b5eba9fcb539,hepb-org_20160713T190256.conll.annot,15,1 2,www.hepb.org,The CDC,5 - The source is fully reliable,0.71,""
7,969ac721-5919-402d-b408-21efa7e9e15a,NaturalNews_20170707T040258.conll.annot,48,2 3,NaturalNews,Natural News,2 - The source is somewhat unreliable,0.57,""
7,9a2cc01f-b342-4378-b709-0f5316ca25a8,Scientific-American_20170506T132335.conll.annot,20,10 11 12 13,Scientific American,more and more pediatricians,3 - The source is potentially reliable,0.57,""
7,93ffbc45-20f2-4f0f-a5e5-460d5823883c,thinktwice-com_20170627T191857.conll.annot,114,21 22,www.thinktwice.com,their doctor,1 - The source is totally unreliable,0.43,""
7,92b97cf9-b91c-4595-9faf-c0bf34b6518f,@berkeleywellness_20170709T195101.conll.annot,5,1 2 3 4 5 6 7,@berkeleywellness,Roughly one to two percent of parents,1 - The source is totally unreliable,0.71,""
7,93bf434a-1db1-42f9-a913-6e9edf8393c3,the-Guardian_20170928T060038.conll.annot,15,6,the Guardian,Trump,4 - The source is somewhat reliable,0.29,""
7,94ccdc19-9745-4300-8cf5-00d95fbe96ee,Live-Science_20170315T223305.conll.annot,1,1 2 3 4 5 6 7 8 9,Live Science,"Robert F. Kennedy Jr. , an anti-vaccine activist ,",2 - The source is somewhat unreliable,0.86,""
7,9540caa5-a851-4386-9a3a-201f1112e95f,Reuters_20161107T200904.conll.annot,2,39 40 41 42 43 44 45,Reuters,the Centers for Disease Control and Prevention,5 - The source is fully reliable,1.0,""
7,941f0166-148b-4269-9e85-97f539ac0ad8,nytimes-com_20161229T124138.conll.annot,638,41 42 43 44 45 46 47,www.nytimes.com,a 2004 Canadian analysis of multiple studies,3 - The source is potentially reliable,0.57,""
7,6a5228e0-c67d-475e-8e39-4e02f96e12f8,Heavy-com_20161018T051334.conll.annot,43,10 11,Heavy.com,the claim,2 - The source is somewhat unreliable,0.57,""
7,8b41eb7d-f8f7-43fe-a0b9-6911e1aaa965,Stop-Mandatory-Vaccination_20161120T082441.conll.annot,64,3 4,Stop Mandatory Vaccination,experimental studies,3 - The source is potentially reliable,0.57,""
7,8e504d77-bb5b-4096-869f-1159ce4b1808,en-wikipedia-org_20170519T045515.conll.annot,67,15 16 17 18 19 20 21 22 23 24,en.wikipedia.org,the Institute of Medicine of the National Academy of Sciences,5 - The source is fully reliable,0.71,""
7,93c9d48f-cba3-4490-a313-c1779204b3a8,cid-oxfordjournals-org_20161019T051428.conll.annot,39,3 4 5 6 7 8,cid.oxfordjournals.org,most individuals ( 69 % ),2 - The source is somewhat unreliable,0.57,""
7,8aaaa5ff-09e0-4307-8e1c-4a501d378cea,Modern-Alternative-Health_20160113T071212.conll.annot,185,2 3 4 5,Modern Alternative Health,99 % of pediatricians,3 - The source is potentially reliable,0.43,""
7,91ba7214-6520-4a63-805a-b48c87a9b4fb,NBC-News_20170816T081550.conll.annot,5,23 24 25 26 27 28 29 30 31 32 33,NBC News,"David Johnson , program manager with the Hennepin County Health Department",4 - The source is somewhat reliable,0.57,""
7,8d125570-707a-42b0-8a05-e35188c0f8a2,nap-edu_20160617T022642.conll.annot,28,1 2,www.nap.edu,Recent studies,3 - The source is potentially reliable,0.57,""
7,8dd27181-998c-437c-94d3-9e50605cc52b,nytimes-com_20170309T113837.conll.annot,40,18 19 20 21 22 23 24 25 26 27 28 29 30 31,www.nytimes.com,"Matt Zahn , the medical director for epidemiology at the Orange County Health Agency",5 - The source is fully reliable,0.57,""
7,9316a75e-8b5f-4fdd-b864-81745fb9ce5b,vernoncoleman-com_20130321T100056.conll.annot,29,25 26,www.vernoncoleman.com,no one,1 - The source is totally unreliable,0.86,""
7,88a96d96-faf0-4088-ad65-e56defd15941,Stop-Mandatory-Vaccination_20170324T022210.conll.annot,303,1 2 3,Stop Mandatory Vaccination,Leslie Ann Driver,2 - The source is somewhat unreliable,0.43,""
7,8be00fc2-10b1-4b4a-99e5-0f187b1563bc,International-Medical-Council-on-Vaccination_20170701T172125.conll.annot,13,1 2 3 4 5 6,International Medical Council on Vaccination,Rauh and Schmidt ( 1965 ),3 - The source is potentially reliable,0.43,""
7,8f7029c6-750b-469a-b71d-bef7fc1450c7,NaturalNews_20170704T132504.conll.annot,73,5 6,NaturalNews,Bill Gates,5 - The source is fully reliable,0.29,""
7,91090858-1140-4cdd-82e7-a73f1250ba84,Kelly-Brogan-MD_20170813T110455.conll.annot,91,23 24,Kelly Brogan MD,each person,2 - The source is somewhat unreliable,0.57,""
7,78d86cf6-aafa-4438-a633-7bd8a214477c,International-Medical-Council-on-Vaccination_20170701T172125.conll.annot,24,1 2 3 4 5 6,International Medical Council on Vaccination,Conrad et al. ( 1971 ),3 - The source is potentially reliable,0.29,""
7,8fd10c51-7ec1-4153-8e07-42b1678d0ffa,vaccine-injury-info_20170922T015859.conll.annot,99,1,vaccine-injury.info,NIH,5 - The source is fully reliable,0.43,""
7,8b08053f-ba71-4a81-9365-174dff6823a6,VaxTruth-org_20170606T065016.conll.annot,33,5,VaxTruth.org,Dawn,2 - The source is somewhat unreliable,0.71,""
7,88423ba8-d8ee-414a-bd4b-39e98b71ad46,Global-News_20161110T054038.conll.annot,23,16,Global News,Diaz,3 - The source is potentially reliable,0.57,""
7,88d6196d-167c-4830-8345-cd9030d55fe3,thinktwice-com_20170627T191857.conll.annot,401,3 4,www.thinktwice.com,USA doctors,3 - The source is potentially reliable,0.57,""
7,83a889bc-f403-4ffc-82d8-464b0d9f75db,NBC-News_20170816T081550.conll.annot,10,11,NBC News,Johnson,3 - The source is potentially reliable,0.57,""
7,8d906188-71eb-41fb-a6a8-54467c60d9bb,Global-Freedom-Movement_20170830T214655.conll.annot,24,7 8 9 10 11,Global Freedom Movement,the Lancet paper in question,2 - The source is somewhat unreliable,0.71,""
7,8a560c3d-52b5-4277-abc5-0ead9d3836e1,NPR-org_20171001T221620.conll.annot,21,1 2 3 4 5 6 7,NPR.org,The [ WHO and UNICEF ] report,5 - The source is fully reliable,0.86,""
7,89350e79-2dc6-410e-8576-9c9d58656c7a,the-Guardian_20170928T060038.conll.annot,14,3,the Guardian,Trump,5 - The source is fully reliable,0.29,""
7,89a2b052-9f94-4c4a-84bc-310a5dba63ae,AGE-OF-AUTISM_20170620T044415.conll.annot,383,2 3,AGE OF AUTISM,PLoS study,3 - The source is potentially reliable,0.57,""
7,81df7cd6-24fd-4f52-b63b-a78ca576bec2,sharylattkisson-com_20171001T192931.conll.annot,48,6 7 8 9 10 11 12 13 14 15,sharylattkisson.com,A 2010 rat study by the Polish Academy of Sciences,3 - The source is potentially reliable,0.43,""
7,89c7c470-f1d6-45c2-91a1-04439fc5c2cb,fitfortravel-scot-nhs-uk_20160609T200836.conll.annot,58,1 2,www.fitfortravel.scot.nhs.uk,This country,2 - The source is somewhat unreliable,0.43,""
7,899e3bba-b174-4bd8-bd35-de732cd806af,thinktwice-com_20170627T191857.conll.annot,142,2 3,www.thinktwice.com,The ACIP,5 - The source is fully reliable,0.43,""
7,849dd5da-d15a-4874-b234-da048eaecc99,Stop-Mandatory-Vaccination_20170324T022210.conll.annot,252,1 2 3,Stop Mandatory Vaccination,Sasha Joy Amara,2 - The source is somewhat unreliable,0.43,""
7,587e4723-0aae-4373-a916-0f37511feb8e,The-Cat-Site_20161128T023535.conll.annot,97,3 4 5 6 7 8 9,The Cat Site,the AAHA ’s 2003 Canine Vaccine Guidelines,4 - The source is somewhat reliable,0.86,""
7,84a28a8e-a8cd-486f-a815-98a192e1fc65,nap-edu_20160617T022642.conll.annot,30,1 2,www.nap.edu,Some researchers,3 - The source is potentially reliable,0.57,""
7,826bb4d5-d0f7-4648-8c8b-8b861dbc50f6,Stop-Mandatory-Vaccination_20161120T082441.conll.annot,131,1 2,Stop Mandatory Vaccination,Scientific literature,3 - The source is potentially reliable,0.57,""
7,86b84d20-3703-4a22-96bf-48804620c88e,Parents_20170705T132137.conll.annot,79,41 42,Parents,many people,2 - The source is somewhat unreliable,0.29,""
7,5a5b1a1a-3ed5-43bc-856e-ee5a0af6801c,Epilepsy-Foundation_20161027T230500.conll.annot,229,9 10,Epilepsy Foundation,his pediatrician,3 - The source is potentially reliable,0.43,""
7,86cb3288-47d3-4e3f-85c7-7467e9569a04,reasonable-hank_20170912T094538.conll.annot,27,266,reasonable hank,Bigtree,2 - The source is somewhat unreliable,0.43,""
7,60a4b224-05ec-4321-9819-6b9ce9a813c3,thinktwice-com_20170627T225319.conll.annot,139,1 2,www.thinktwice.com,The doctors,3 - The source is potentially reliable,0.57,""
7,8719f4d3-9c2d-4e60-88de-eca424a1e812,jabs-org-uk_20160617T081707.conll.annot,34,2,www.jabs.org.uk,JABS,5 - The source is fully reliable,0.29,""
7,80399b19-2d6b-430d-93bc-99d801271985,cdc-gov_20170618T093430.conll.annot,44,1 2 3 4 5,www.cdc.gov,Several studies of DTaP vaccine,3 - The source is potentially reliable,0.43,""
7,890c21fc-218e-4840-a85a-5da5cecd2325,usnews-com_20161018T172826.conll.annot,16,28 29,www.usnews.com,the article,3 - The source is potentially reliable,0.43,""
7,879f4740-8079-4aba-ae0d-94989e68e552,NBC-News_20170816T081550.conll.annot,15,23 24,NBC News,various groups,2 - The source is somewhat unreliable,0.71,""
7,853a6496-3126-4afa-88ca-c7c86547ac2e,en-wikipedia-org_20170318T104602.conll.annot,41,4,en.wikipedia.org,Voltaire,5 - The source is fully reliable,0.57,""
7,8809e5ef-13d3-4a0a-88fd-5c98195135a8,NBC-News_20170816T081550.conll.annot,7,20,NBC News,Johnson,3 - The source is potentially reliable,0.57,""
7,840ac276-20e1-4fd5-b5b8-181aeb64a8ba,Ars-Technica_20171003T014942.conll.annot,31,3 4,Ars Technica,the authors,3 - The source is potentially reliable,0.57,""
7,83071e65-fff6-4e3e-90e8-0c3106f5ddef,Vaccine-Impact_20160729T094056.conll.annot,10,1 2,Vaccine Impact,De Niro,2 - The source is somewhat unreliable,0.43,""
7,8337da7b-22bf-4003-a597-a93f42e4e743,nature-com_20170423T083747.conll.annot,63,10,www.nature.com,Bonhoeffer,3 - The source is potentially reliable,0.43,""
7,5f655fe5-8fd9-44c4-ba8d-90957c761705,thinktwice-com_20170627T191857.conll.annot,104,1 2,www.thinktwice.com,CDC officials,5 - The source is fully reliable,0.43,""
7,85995b4f-7216-4321-a116-06000cc702f6,Petful_20170310T005844.conll.annot,45,1 2,Petful,Traditional medicine,3 - The source is potentially reliable,0.43,""
7,7d8c6053-1204-47fe-bc5f-5877d2688951,Respectful-Insolence_20170620T075501.conll.annot,33,76,Respectful Insolence,Quackenboss,1 - The source is totally unreliable,0.43,""
7,833809b3-94d8-4ac3-82eb-4c697d91c4bf,Stop-Mandatory-Vaccination_20161120T082441.conll.annot,60,13,Stop Mandatory Vaccination,scientists,3 - The source is potentially reliable,0.57,""
7,75f6612d-1d43-4b76-9f32-f8fb1069fc3f,Global-Freedom-Movement_20170830T214655.conll.annot,25,20 21,Global Freedom Movement,the paper,2 - The source is somewhat unreliable,0.43,""
7,82bd9046-1851-474d-9e4c-a0292c0a1935,vaccine-injury-info_20170922T015859.conll.annot,18,5 6,vaccine-injury.info,the doctor,2 - The source is somewhat unreliable,0.71,""
7,807cb65b-11a9-4859-bf38-81f7f049df89,healthtalk-org_20161031T152854.conll.annot,6,1 2 3 4 5,www.healthtalk.org,The overwhelming majority of parents,3 - The source is potentially reliable,0.43,""
7,81ed845a-a3eb-4c2d-b91b-c88ab2ec9b09,NaturalNews_20170704T132504.conll.annot,4,10 11 12 13 14 15 16 17 18 19,NaturalNews,Dr. Muhame Ngare of the Mercy Medical Centre in Nairobi,4 - The source is somewhat reliable,0.43,""
7,8210e998-c2b9-4475-a2df-da2224bd9212,mirror_20170321T120113.conll.annot,8,6 7,mirror,the mum,1 - The source is totally unreliable,0.43,""
7,7fbd2a1b-aa81-4d28-89be-fdf7bd28ce6d,en-wikipedia-org_20170702T222036.conll.annot,26,11 12,en.wikipedia.org,one study,3 - The source is potentially reliable,0.43,""
7,8007557b-e1c7-4aeb-93a2-ef45801da6c1,drsuzanne-net_20170606T042830.conll.annot,39,2 3 4 5 6 7 8 9 10,drsuzanne.net,a short article Tapping the immune system ’s secret,1 - The source is totally unreliable,0.43,""
7,804d749c-69c8-4f96-b668-57773fca63ab,Ars-Technica_20171003T014942.conll.annot,5,1 2 3 4 5 6 7 8 9 10 11 12 13 14 15 16,Ars Technica,"The study ’s authors , led by psychologist Theodore Tomeny of the University of Alabama ,",4 - The source is somewhat reliable,0.71,""
7,80a2ea2d-5e0a-41f1-acbc-a78d4b9ec7a9,Fox-News_20161029T114432.conll.annot,118,31,Fox News,Pickering,I don't know.,0.29,""
7,7c52bddf-97e7-4133-a4af-9088a6053a81,nytimes-com_20161229T124138.conll.annot,542,8 9,www.nytimes.com,some experts,3 - The source is potentially reliable,0.57,""
7,81c56dd1-e721-4986-b00d-25c9be7a6bb2,Stop-Mandatory-Vaccination_20170324T022210.conll.annot,175,1 2,Stop Mandatory Vaccination,Vicki Neal,3 - The source is potentially reliable,0.43,""
7,7a4a5712-782b-4d68-9869-dbcbe6efd0ab,International-Medical-Council-on-Vaccination_20170308T114510.conll.annot,205,39 40,International Medical Council on Vaccination,many mothers,1 - The source is totally unreliable,0.43,""
7,800e525b-492b-48f0-a383-0fa701b1d57e,Kelly-Brogan-MD_20170813T110455.conll.annot,30,2 3,Kelly Brogan MD,historical studies,3 - The source is potentially reliable,0.71,""
7,7fc3e982-e4e3-4f7d-babd-d5c490444529,vaccine-injury-info_20170922T015859.conll.annot,54,1 2,vaccine-injury.info,Some doctors,3 - The source is potentially reliable,0.43,""
7,807c3b5f-867f-45a1-89a9-99f6f59c6f42,nap-edu_20160617T022642.conll.annot,29,32 33 34 35 36,www.nap.edu,"Vogt et al. , 1994",3 - The source is potentially reliable,0.29,""
7,7aec2bd8-b653-4c4e-b919-2d959e51c750,NaturalNews_20170704T132504.conll.annot,25,2 3,NaturalNews,Dr. Ngare,3 - The source is potentially reliable,0.57,""
7,78de3e14-0e80-439e-897b-cc7beb285087,International-Medical-Council-on-Vaccination_20170701T172125.conll.annot,76,1 2 3 4 5 6,International Medical Council on Vaccination,Bell et al. ( 2012 ),3 - The source is potentially reliable,0.43,""
7,7cc25069-c875-498d-812d-3bf0df298056,cid-oxfordjournals-org_20161019T051428.conll.annot,39,14 15 16 17 18,cid.oxfordjournals.org,19 ( 73 % ),5 - The source is fully reliable,0.29,""
7,7c8e52e3-0268-40fe-86e1-6f96781200a7,VacTruth-com_20170326T020022.conll.annot,26,1 2 3 4 5 6 7 8 9 10 11,VacTruth.com,Research done by the Institute of Medicine in the 1990 ’s,4 - The source is somewhat reliable,0.43,""
7,7d52e4da-4c06-412f-a8c4-f1bdbcec5f35,thinktwice-com_20170627T191857.conll.annot,125,1 2 3 4 5,www.thinktwice.com,The pediatrician Dr. Zullo 's,4 - The source is somewhat reliable,0.29,""
7,788dcf51-8d41-4da3-9f0c-6883af3eaa3c,nature-com_20170423T083747.conll.annot,81,5,www.nature.com,Researchers,3 - The source is potentially reliable,0.57,""
7,7605ce2a-fe55-467d-97bd-088fa836a364,International-Medical-Council-on-Vaccination_20170308T114510.conll.annot,134,6,International Medical Council on Vaccination,scientists,3 - The source is potentially reliable,0.43,""
7,7bd34cae-26fa-4735-b71b-e548ab626d7b,WIRED_20170525T041726.conll.annot,17,4 5,WIRED,the CDC,5 - The source is fully reliable,0.86,""
7,783a38dc-a09f-4878-9e48-b4e6ace70b06,NaturalNews_20170606T044813.conll.annot,42,4 5,NaturalNews,vaccine pushers,2 - The source is somewhat unreliable,0.57,""
7,7cca5059-60f5-48ad-8469-c6b1305f1aca,State-of-Health_20160131T151029.conll.annot,11,4 5,State of Health,the U.S.,4 - The source is somewhat reliable,0.71,""
7,75f978fe-8007-4cf5-b1ea-1c9d95d47dba,Backyard-Secret-Exposed_20161021T055227.conll.annot,18,2,Backyard Secret Exposed,Andy,2 - The source is somewhat unreliable,0.71,""
7,7ab9920f-0e06-43e6-9718-0f65f80a8de9,vaccinepapers-org_20170929T065440.conll.annot,95,4 5,vaccinepapers.org,medical establishment,4 - The source is somewhat reliable,0.29,""
7,7735227b-ca28-4c12-be64-52fadd078e28,immunise-health-gov-au_20170626T104650.conll.annot,196,1 2 3 4,www.immunise.health.gov.au,A few small studies,3 - The source is potentially reliable,0.57,""
7,6faad73b-b125-40f2-876b-cab9034e4b01,reasonable-hank_20170912T094538.conll.annot,27,123,reasonable hank,Tommey,3 - The source is potentially reliable,0.57,""
7,749975f9-1f8b-4929-a55b-69415e2da4ff,Fox-News_20161029T114432.conll.annot,99,6,Fox News,Stockwell,3 - The source is potentially reliable,0.57,""
7,7728d41b-c44c-4e55-aceb-705d3ed548d0,The-Independent_20170606T163405.conll.annot,21,21 22 23 24,The Independent,accounts of the meeting,3 - The source is potentially reliable,0.29,""
7,77bb4c06-cb5e-4abf-9a0a-00c82fd698c5,nytimes-com_20161229T124138.conll.annot,101,1 2,www.nytimes.com,The ACIP,5 - The source is fully reliable,0.43,""
7,77ec6525-978c-442e-ae31-4d3c9e419247,content-healthaffairs-org_20170210T090820.conll.annot,63,54 55 56 57 58,content.healthaffairs.org,parents and their watchdog groups,2 - The source is somewhat unreliable,0.57,""
7,6f065de6-6b46-48fa-a215-d52218609946,nap-edu_20160617T022642.conll.annot,58,3,www.nap.edu,Losonsky,2 - The source is somewhat unreliable,0.43,""
7,74aa8309-f117-48a0-83e4-e15e496ac459,The-Independent_20170606T163405.conll.annot,29,1,The Independent,Observers,3 - The source is potentially reliable,0.29,""
7,74a965a6-b7fb-4be8-9735-01243f207037,nap-edu_20160617T022642.conll.annot,8,5,www.nap.edu,studies,3 - The source is potentially reliable,0.57,""
7,75539ae2-89a7-4f26-9212-11d44c86b2e1,PublicHealth-org_20170623T200727.conll.annot,25,2,PublicHealth.org,scientists,3 - The source is potentially reliable,0.43,""
7,72b97c7a-a884-40ed-8124-2d448eedbefa,Global-News_20161110T054038.conll.annot,11,1 2 3 4 5 6 7 8 9 10 11,Global News,"Bigtree , who has some experience producing medical-themed TV shows ,",2 - The source is somewhat unreliable,0.57,""
7,690e69ff-de0b-45fa-b80f-3cae45ca5e1c,fodors-com_20161027T194550.conll.annot,208,16 17 18,www.fodors.com,travel med doctor,3 - The source is potentially reliable,0.57,""
7,65b53a6f-870b-45dd-af96-fc943b98e46e,Live-Science_20170315T223305.conll.annot,10,3,Live Science,parents,2 - The source is somewhat unreliable,0.57,""
7,70aca0d0-cdc7-4d22-abe7-f3003ce95154,CNN_20170808T234859.conll.annot,18,1,CNN,Pediatricians,4 - The source is somewhat reliable,1.0,""
7,73ff3beb-ae04-4509-8ae0-c9adb1878404,Variety_20170614T212541.conll.annot,26,7 8,Variety,the parents,2 - The source is somewhat unreliable,0.57,""
7,6c7a4958-db5f-4ee7-9299-6da2f8f842f7,Kelly-Brogan-MD_20170813T110455.conll.annot,47,32 33,Kelly Brogan MD,Another study,3 - The source is potentially reliable,0.57,""
7,73dec743-4029-49b4-8fc2-dd4b637fdeac,historyofvaccines-org_20161124T080529.conll.annot,10,7 8,www.historyofvaccines.org,Hillary Clinton,4 - The source is somewhat reliable,0.43,""
7,7434ba09-25cc-49c6-b52d-c51f16a13fbe,vaccine-injury-info_20170922T015859.conll.annot,219,2 3 4 5 6 7,vaccine-injury.info,"Dr Robert S. Mendelsohn , MD",3 - The source is potentially reliable,0.43,""
7,6ea0101e-eea6-44be-84b0-0aa14b718852,avn-org-au_20170316T033821.conll.annot,22,8 9 10 11,avn.org.au,an unrestrained health bureaucracy,2 - The source is somewhat unreliable,0.57,""
7,73f7c8a2-7705-4419-a7b9-618eaf466998,immunize-org_20161124T165410.conll.annot,362,1 2,www.immunize.org,The decision,3 - The source is potentially reliable,0.57,""
7,72cc07ac-5359-48cb-b8d7-c22d80e0a5ce,thinktwice-com_20170627T225319.conll.annot,113,1 2 3 4 5 6 7,www.thinktwice.com,The doctor who testified on their behalf,3 - The source is potentially reliable,0.71,""
7,723a91fb-1e0f-4b03-9141-23b3fb7e4740,WIRED_20170525T041726.conll.annot,15,1 2,WIRED,No one,2 - The source is somewhat unreliable,0.43,""
7,6f542a72-39c7-4104-90a4-b0c03060885b,Infowars_20170416T154207.conll.annot,2,3,Infowars,officials,1 - The source is totally unreliable,0.43,""
7,610a59f6-bb48-4e1b-b147-7be9a48b0cfc,The-Independent_20170915T154519.conll.annot,30,1 2,The Independent,A survey,4 - The source is somewhat reliable,0.29,""
7,6b660fcb-01b4-4b3e-b2d6-a18bcb194eea,ABC-News_20170511T203024.conll.annot,29,1 2 3 4 5 6 7 8 9 10 11 12 13 14 15 16 17 18 19 20 21,ABC News,"Art Caplan , head of the Division of Medical Ethics at NYU School of Medicine at the Langone Medical Center ,",5 - The source is fully reliable,0.71,""
7,67ac0624-86e1-4bcb-a05a-165e63ceacf9,sharylattkisson-com_20171001T192931.conll.annot,64,1 2 3 4 5 6 7 8 9 10 11 12 13,sharylattkisson.com,A 2012 study from the Neurochemistry Research Marie Curie Chairs Program in Poland,3 - The source is potentially reliable,0.43,""
7,669656a8-e88c-4f9f-b421-a84fd32f034a,chicagotribune-com_20170918T235148.conll.annot,34,1,chicagotribune.com,Trump,1 - The source is totally unreliable,0.29,May be biased due to its republican position.
7,6e91d9a6-0070-493d-8aba-b59827ad2504,drsuzanne-net_20170606T042830.conll.annot,50,6,drsuzanne.net,experts,3 - The source is potentially reliable,0.57,""
7,6a2378ad-c303-4f4d-8229-83cdc41932be,avn-org-au_20170316T033821.conll.annot,89,1 2 3 4 5 6 7,avn.org.au,Baylor College of Medicine immunologist Bonnie Dunbar,4 - The source is somewhat reliable,0.43,""
7,67f9c149-3df8-4fbd-9f5b-e3eff17c6d7c,the-Guardian_20160416T111806.conll.annot,45,1 2 3 4 5 6 7 8 9 10 11 12,the Guardian,"One Los Angeles parent vehemently opposed to vaccination , Michelle Henney ,",1 - The source is totally unreliable,0.57,""
7,597d682e-3fcf-471c-bacb-b5c3d19ea78c,fitfortravel-scot-nhs-uk_20160608T230856.conll.annot,39,1 2,www.fitfortravel.scot.nhs.uk,This country,3 - The source is potentially reliable,0.57,""
7,690a2c79-cbce-4a96-8d3b-a47d00d35ed8,Child-Health-Safety_20170626T115833.conll.annot,100,36 37 38 39 40 41 42 43 44 45 46 47 48 49 50 51 52 53 54,________________Child Health Safety_________________,"[ 74 times overdiagnosed SOURCE : CDR Weekly , Volume 15 Number 12 Published : 24 March 2005 ]",3 - The source is potentially reliable,0.57,""
7,6256c2f9-b51c-4e1b-9913-dd82a6a63352,Parents_20170705T132137.conll.annot,85,5 6,Parents,many doctors,3 - The source is potentially reliable,0.57,""
7,693e7cb7-b87c-4ef3-b448-8e54c77e7fb6,Live-Science_20170315T223305.conll.annot,14,1 2,Live Science,These parents,2 - The source is somewhat unreliable,0.71,""
7,664e88a7-0bd2-4ccd-88fc-65cb83172241,en-wikipedia-org_20170706T122510.conll.annot,158,16 17 18 19,en.wikipedia.org,no convincing scientific evidence,1 - The source is totally unreliable,0.43,""
7,684422ed-a26b-4ef0-8831-ef265a1aae2b,influenzareport-com_20161018T081025.conll.annot,110,21 22,www.influenzareport.com,Potter 1997,1 - The source is totally unreliable,0.29,Website won’t open
7,66cd9049-b5c5-4b44-9211-516c16c23d4c,oredigger-net_20160729T150530.conll.annot,34,5,oredigger.net,science,3 - The source is potentially reliable,0.71,""
7,315a2eed-1837-41dc-85cb-e9fe161b5dfd,WIRED_20170525T041726.conll.annot,36,1,WIRED,Researchers,3 - The source is potentially reliable,0.43,""
7,64577291-34ee-4668-9baa-60bb5ee7e895,Stop-Mandatory-Vaccination_20170324T022210.conll.annot,46,1 2,Stop Mandatory Vaccination,Penny Nelson-Montigny,1 - The source is totally unreliable,0.57,""
7,63ea2f11-f40d-41ab-881a-adf8f639e1a9,Washington-Post_20170826T112301.conll.annot,110,1 2 3 4 5 6 7 8 9 10 11 12 13 14,Washington Post,"The American Academy of Pediatrics and 350 other medical , professional and advocacy groups",5 - The source is fully reliable,0.86,""
7,57f7328d-21a2-4f80-bb4b-602828ddaf2d,nytimes-com_20170309T113837.conll.annot,43,17 18,www.nytimes.com,the C.D.C.,5 - The source is fully reliable,0.86,""
7,5c179ec5-74d9-4d1b-869b-6a890f1d2197,influenzareport-com_20161018T081025.conll.annot,22,31 32,www.influenzareport.com,Hilleman 2002,3 - The source is potentially reliable,0.29,Won’t open
7,663048de-4511-4808-af19-46637bef1dc1,Ars-Technica_20170629T055731.conll.annot,24,1 2 3 4 5 6 7,Ars Technica,The Centers for Disease Control and Prevention,5 - The source is fully reliable,0.71,""
7,67816855-67e9-43c5-87f2-e7fe9ba9a654,usnews-com_20161018T172826.conll.annot,11,3 4,www.usnews.com,the CDC,5 - The source is fully reliable,0.86,""
7,63ca8b82-2dbc-4809-b897-038863bb6495,the-Guardian_20160416T111806.conll.annot,1,7 8,the Guardian,Tanya Gottesburen,3 - The source is potentially reliable,0.29,""
7,660b3090-b925-4bb8-8d03-d500b74a3f05,WebMD_20161222T195704.conll.annot,12,1,WebMD,Studies,3 - The source is potentially reliable,0.71,""
7,55636319-86b0-4f9e-aebb-2c0239ae4807,nap-edu_20160617T022642.conll.annot,47,1,www.nap.edu,Losonsky,3 - The source is potentially reliable,0.43,""
7,6373a90f-96cf-4c61-aeb7-b1fac424fbc8,Health-Impact-News_20170428T192431.conll.annot,3,9,Health Impact News,requests,1 - The source is totally unreliable,0.43,""
7,618d5300-ac13-4587-8893-bfb418e53d64,Infowars_20170416T154207.conll.annot,23,3,Infowars,experts,2 - The source is somewhat unreliable,0.57,""
7,63eeee52-55ca-4893-a142-964b7c67fbb1,Voices-For-Vaccines_20161129T121825.conll.annot,4,1 2,Voices For Vaccines,Current research,3 - The source is potentially reliable,0.57,""
7,616b0796-502b-444d-994f-6086d5fad8e9,NY-Daily-News_20160704T092017.conll.annot,14,17 18,NY Daily News,the researchers,3 - The source is potentially reliable,0.71,""
7,5c053116-2c84-46a7-a608-2fdeb52c7d12,SELF_20170611T091338.conll.annot,20,1 2,SELF,The CDC,5 - The source is fully reliable,0.86,""
7,625dd3e6-4c3c-4c43-991e-8667602f0be9,vernoncoleman-com_20130321T100056.conll.annot,13,3 4,www.vernoncoleman.com,many doctors,4 - The source is somewhat reliable,0.43,""
7,62123b5e-728e-4c3a-a6b7-b2b148239e3e,Newstarget-com_20170301T142751.conll.annot,17,4 5,Newstarget.com,your family,2 - The source is somewhat unreliable,0.43,""
7,5e0ea488-adcc-44cc-8070-f9a56627048c,nytimes-com_20161229T124138.conll.annot,498,3 4 5,www.nytimes.com,a 2007 study,4 - The source is somewhat reliable,0.57,""
7,6035f8f8-458a-443f-88e9-e2386a8d1e08,vaccine-injury-info_20170922T015859.conll.annot,316,17,vaccine-injury.info,pediatricians,3 - The source is potentially reliable,0.57,""
7,5a2dd0a1-ede8-4440-a4b8-5dffcaffe06b,fodors-com_20161027T194550.conll.annot,194,5 6 7 8 9 10 11 12,www.fodors.com,both my personal physician and the travel clinic,3 - The source is potentially reliable,0.43,""
7,5adf6404-bc39-43e3-957a-9f1dbbf331c2,vaccinepapers-org_20170929T065440.conll.annot,120,1,vaccinepapers.org,Feynman,2 - The source is somewhat unreliable,0.43,""
7,59e64b21-c00f-4d3c-94a4-d5fa2eef04a2,Stop-Mandatory-Vaccination_20170324T022210.conll.annot,210,1 2,Stop Mandatory Vaccination,Carreen Engelbrecht,2 - The source is somewhat unreliable,0.57,""
7,56bb4e25-04a7-4d97-a56f-8ece6a8bdda8,NPR-org_20161222T133200.conll.annot,8,24,NPR.org,scientists,3 - The source is potentially reliable,0.43,""
7,545b0a34-6312-4265-ac23-3008aba88d93,drsuzanne-net_20170606T042830.conll.annot,19,10 11 12,drsuzanne.net,the immunology literature,3 - The source is potentially reliable,0.43,""
7,58b7c800-77fd-47f1-b005-44b49b34290e,Stop-Mandatory-Vaccination_20170324T022210.conll.annot,6,1 2 3,Stop Mandatory Vaccination,Kelly Marr Mazza,1 - The source is totally unreliable,0.43,""
7,56b60b74-4e71-4939-af17-ac2ba15d2faa,huffingtonpost-com_20170422T005719.conll.annot,10,15,www.huffingtonpost.com,studies,3 - The source is potentially reliable,0.86,""
7,5090aef7-a503-4dbe-a13d-3cc094fc3f3a,vaccine-injury-info_20170922T015859.conll.annot,332,16 17 18 19 20 21 22 23,vaccine-injury.info,American Epilepsy Society Study ( Lancet 2006 ),2 - The source is somewhat unreliable,0.29,""
7,56982abc-db8a-417a-a57f-b1bb05281979,nytimes-com_20170309T113837.conll.annot,5,29,www.nytimes.com,America,3 - The source is potentially reliable,0.71,""
7,558d54b9-a077-4bb1-846d-fc3842c14151,International-Medical-Council-on-Vaccination_20170308T114510.conll.annot,99,2,International Medical Council on Vaccination,officials,3 - The source is potentially reliable,0.71,""
7,4f002e0d-b37b-4d7d-b287-68791ba0b09e,ABC-News_20170511T203024.conll.annot,24,1 2,ABC News,The CDC,5 - The source is fully reliable,1.0,""
7,5437665c-0d8d-4087-87f0-1c55d1ee6186,Epilepsy-Foundation_20161027T230500.conll.annot,206,9 10,Epilepsy Foundation,ER doc,4 - The source is somewhat reliable,0.43,""
7,56038be4-69b6-411a-8345-f72f9bde005e,Epilepsy-Foundation_20161027T230500.conll.annot,72,12 13,Epilepsy Foundation,the pediatrician,3 - The source is potentially reliable,0.57,""
7,4c60c8f7-f261-4232-92bc-70482790337d,Skeptical-Raptor_20170628T161832.conll.annot,248,5 6 7,Skeptical Raptor,the archangel Michael,1 - The source is totally unreliable,0.71,""
7,4f64b826-9197-410d-8d8b-ce0b5632dd30,Stop-Mandatory-Vaccination_20170324T022210.conll.annot,224,1 2,Stop Mandatory Vaccination,Alina Phoenix,1 - The source is totally unreliable,0.57,""
7,47aa8342-cc1f-4f24-8477-0dfb742bf46a,Washington-Post_20170826T112301.conll.annot,4,4 5 6 7 8 9,Washington Post,the woman giving the statehouse update,3 - The source is potentially reliable,0.71,""
7,4f489595-48a3-4368-b3be-64de8a9f5ff1,Child-Health-Safety_20170626T115833.conll.annot,29,1 2,________________Child Health Safety_________________,This information,2 - The source is somewhat unreliable,0.57,""
7,4f472405-6624-4851-8236-beff4011aeb4,Stop-Mandatory-Vaccination_20170324T022210.conll.annot,184,23 24,Stop Mandatory Vaccination,my mom,1 - The source is totally unreliable,0.43,""
7,4afb8e34-00d4-400a-b1b4-8c68a1424eae,Stop-Mandatory-Vaccination_20161120T082441.conll.annot,161,3 4,Stop Mandatory Vaccination,that release,1 - The source is totally unreliable,0.71,""
7,4af3bd30-e5db-43dd-901a-356ff97a1b0d,healthtalk-org_20161031T152854.conll.annot,73,9,www.healthtalk.org,Parents,3 - The source is potentially reliable,0.71,""
7,550ed29f-ab01-4f85-a2b2-72c6f1c8bda5,sharylattkisson-com_20171001T192931.conll.annot,25,33 34,sharylattkisson.com,the propagandists,1 - The source is totally unreliable,0.71,""
7,514fd476-bfc2-409a-8635-3371c23f3aa8,LifeSiteNews_20170611T045238.conll.annot,24,2 3,LifeSiteNews,Dr. Ngare,3 - The source is potentially reliable,0.57,""
7,47ead12f-aeca-40ac-abde-2d08c5c59fab,The-Independent_20170606T163405.conll.annot,3,4 5 6,The Independent,a new survey,3 - The source is potentially reliable,0.86,""
7,440c399a-407c-4939-8c14-9064dbd5de3a,Stop-Mandatory-Vaccination_20161120T082441.conll.annot,61,3 4 5 6 7 8 9 10 11 12 13 14 15 16 17 18 19 20 21 22 23 24 25,Stop Mandatory Vaccination,a 2007 article entitled “ Neurological Adverse Events of Immunization : Experience With an Aluminum Adjuvanted Meningococcal B Outer Membrane Vesicle Vaccine ”,4 - The source is somewhat reliable,0.43,""
7,48997c7d-0360-41b7-a395-8b94858ca5a9,Fox-News_20161029T114432.conll.annot,68,12,Fox News,Pickering,3 - The source is potentially reliable,0.43,""
7,4e87e960-4090-4b55-97ea-4fdae8839df6,WebMD_20170626T182528.conll.annot,15,12 13 14 15 16 17 18,WebMD,the World Health Organization ( WHO ),5 - The source is fully reliable,1.0,""
7,3c447e77-18c8-441f-8a40-e34bdcf426e8,Stop-Mandatory-Vaccination_20170324T022210.conll.annot,42,1 2,Stop Mandatory Vaccination,Stephanie Byers,1 - The source is totally unreliable,0.57,""
7,4ec8761c-d372-4ad6-a2dc-7491d649b1e3,fodors-com_20161027T194550.conll.annot,213,8 9 10 11 12 13 14,www.fodors.com,my doctor and my pharmacist they all,3 - The source is potentially reliable,0.29,""
7,3c6177ca-9977-45e4-b269-aa1343e6fe0a,CNN_20170808T234859.conll.annot,30,1,CNN,Studies,3 - The source is potentially reliable,0.71,""
7,4c054b5e-c468-43fa-975b-d18f5bfce879,fodors-com_20161027T194550.conll.annot,184,6,www.fodors.com,CDC,5 - The source is fully reliable,0.57,""
7,4b525663-1120-4a78-ad55-154a6a8bce6c,SELF_20170611T091338.conll.annot,29,12 13 14 15 16 17 18 19 20 21 22 23 24 25 26 27 28 29 30 31 32 33 34,SELF,"Amesh A. Adalja , M.D. , a board-certified infectious disease physician and affiliated scholar at the Johns Hopkins Center for Health Security ,",4 - The source is somewhat reliable,0.43,""
7,49453356-e32e-46c1-af5e-2338bb0a498e,UPMC-&-Pitt-Health-Sciences-News-Blog_20161107T195115.conll.annot,22,13 14 15,UPMC & Pitt Health Sciences News Blog,Dr. van Panhuis,3 - The source is potentially reliable,0.43,""
7,3e95ae7f-3ebf-4b4e-bb39-18bbf65d56cc,Stop-Mandatory-Vaccination_20161120T082441.conll.annot,69,22 23,Stop Mandatory Vaccination,the authors,1 - The source is totally unreliable,0.57,""
7,48dfa867-5af9-4b56-81a1-3a54634bbb00,NY-Daily-News_20160704T092017.conll.annot,2,65 66 67 68 69 70 71 72 73 74 75 76 77 78 79,NY Daily News,lead author Maimuna Majumder of Boston Children 's Hospital and the Massachusetts Institute of Technology,4 - The source is somewhat reliable,0.57,""
7,461da03d-193b-4fb7-9778-ad6e4e0e0f74,Child-Health-Safety_20170626T115833.conll.annot,100,1 2 3 4 5,________________Child Health Safety_________________,Official UK records for 2006,3 - The source is potentially reliable,0.43,""
7,47bab2fc-5d73-42e0-8d28-4fa86471aa96,dogsnaturallymagazine-com_20160430T211917.conll.annot,8,1 2 3 4 5 6 7 8 9,www.dogsnaturallymagazine.com,"World renowned pet vaccination scientist , Dr Jean Dodds",4 - The source is somewhat reliable,0.43,""
7,466bb329-87ae-4a51-be7b-7c3d0495b9c7,NaturalNews_20170606T044813.conll.annot,34,9 10,NaturalNews,Post-marketing experience,3 - The source is potentially reliable,0.57,""
7,407044ec-1309-4d01-a5d4-88bc9e3ebfba,latimes-com_20170628T014330.conll.annot,9,7,latimes.com,Paley,3 - The source is potentially reliable,0.43,""
7,40ff4180-8b80-4ff6-9d87-03e213b1a033,Voices-For-Vaccines_20161129T121825.conll.annot,28,1 2 3 4 5 6 7 8 9 10 11 12 13,Voices For Vaccines,"Dr. Torree McGowan , MD , graduated from Oregon Health and Sciences University",4 - The source is somewhat reliable,0.43,""
7,45558b6a-b549-400a-b019-5035f5a6e3b5,Stop-Mandatory-Vaccination_20161120T082441.conll.annot,126,5,Stop Mandatory Vaccination,parents,1 - The source is totally unreliable,0.57,""
7,45525ea9-692d-4da5-9199-5aed8c20a0cc,Child-Health-Safety_20170626T115833.conll.annot,332,2 3 4 5 6 7 8 9,________________Child Health Safety_________________,the overwhelming results from scientific studies into autism,3 - The source is potentially reliable,0.43,""
7,43984ec7-3343-447e-80dd-3f003ee31468,Child-Health-Safety_20170626T115833.conll.annot,252,2 3 4,________________Child Health Safety_________________,reason he gave,2 - The source is somewhat unreliable,0.86,""
7,4423a870-04f9-4cb9-b13c-580b56d19cfa,Child-Health-Safety_20170626T115833.conll.annot,367,28 29,________________Child Health Safety_________________,older teachers,3 - The source is potentially reliable,0.71,""
7,3536209b-f101-4662-9d26-c9df29539122,drsuzanne-net_20170606T042830.conll.annot,87,5 6,drsuzanne.net,most parents,2 - The source is somewhat unreliable,0.57,""
7,42eb8314-a9cd-4567-904b-ee9a34060a39,patient-info_20161209T104048.conll.annot,79,11 12 13 14,patient.info,the Department of Health,4 - The source is somewhat reliable,0.43,""
7,40186d0c-5f27-4ed4-b432-7ef5495e54c4,fiercepharma-com_20170929T110920.conll.annot,21,1 2 3,www.fiercepharma.com,The White House,4 - The source is somewhat reliable,0.57,""
7,3fdcb24f-14e9-4a2e-8a6b-f53421771fdb,thinktwice-com_20170627T225319.conll.annot,49,3,www.thinktwice.com,Wakefield,3 - The source is potentially reliable,0.71,""
7,39c32bb3-6581-4e42-a9c3-0706c61452fa,Stop-Mandatory-Vaccination_20170324T022210.conll.annot,207,5 6,Stop Mandatory Vaccination,Achillea Mahko,2 - The source is somewhat unreliable,0.57,""
7,3ef4e082-fb98-49db-ad48-601ee0854dbd,Kelly-Brogan-MD_20170813T110455.conll.annot,6,3 4,Kelly Brogan MD,the CDC,5 - The source is fully reliable,0.71,""
7,3b460beb-871c-4a0b-a3da-961ec8d03274,Petful_20170310T005844.conll.annot,43,5 6 7 8 9 10 11 12 13 14 15 16 17 18 19,Petful,Some veterinarians and pet owners who take a completely homeopathic or holistic approach to medicine,3 - The source is potentially reliable,0.57,""
7,3cd1408b-3c38-4b49-8808-54039a4e9dcc,International-Medical-Council-on-Vaccination_20170308T114510.conll.annot,6,26 27,International Medical Council on Vaccination,health authorities,4 - The source is somewhat reliable,0.71,""
7,3cfa78f0-fc7c-4f5f-be50-587df2e98943,Stop-Mandatory-Vaccination_20170324T022210.conll.annot,58,1 2,Stop Mandatory Vaccination,Dawn Luehrs,2 - The source is somewhat unreliable,0.57,""
7,3ea07d9f-b154-4882-81a3-bc1d8e635fa6,CNN_20170928T102949.conll.annot,7,29,CNN,Ehresmann,4 - The source is somewhat reliable,0.43,""
7,398b8469-c640-4b21-a9bd-2474d9828a69,NaturalNews_20170707T040258.conll.annot,10,19 20 21 22 23 24 25 26,NaturalNews,former Merck virologists Stephen Krahling and Joan Wlochowski,3 - The source is potentially reliable,0.86,""
7,3e7af002-90f0-44c7-8972-8c4a67a3862d,cdc-gov_20170618T093441.conll.annot,47,1 2,www.cdc.gov,Some parents,2 - The source is somewhat unreliable,0.43,""
7,3e748a96-8055-4dca-8d1e-82c720cb6f5f,chicagotribune-com_20170918T235148.conll.annot,39,13 14 15 16 17 18 19,chicagotribune.com,the Centers for Disease Control and Prevention,5 - The source is fully reliable,0.86,""
7,3cc48106-c156-4be1-85e5-709c0e6673d2,betterhealth-vic-gov-au_20170706T041705.conll.annot,11,1,www.betterhealth.vic.gov.au,Research,3 - The source is potentially reliable,0.43,""
7,3c452e65-0d2f-4777-b209-12b4aa805bf8,immunize-org_20161124T165410.conll.annot,178,1,www.immunize.org,ACIP,3 - The source is potentially reliable,0.57,""
7,3c17d36c-9bfd-40d9-8d29-0e2e759025c4,vaccine-injury-info_20170922T015859.conll.annot,289,1 2,vaccine-injury.info,Kimberly Jackson-Prater,1 - The source is totally unreliable,0.43,""
7,3b38db9b-0354-400f-ac39-67868beeb3bf,AGE-OF-AUTISM_20170620T044415.conll.annot,37,19 20 21 22,AGE OF AUTISM,the majority of doctors,3 - The source is potentially reliable,0.43,""
7,39e0be08-04ad-440e-838c-f954381f00e1,VaxTruth-org_20170606T065016.conll.annot,46,1 2 3 4 5 6 7 8 9 10,VaxTruth.org,"11 , no. 4 , August 1988 , pp. 304-9",I don't know.,0.57,""
7,3a32958f-1e68-4502-8448-6b1e4b5370f6,Parents_20170705T132137.conll.annot,23,28 29 30 31 32 33 34 35 36 37 38 39 40 41 42,Parents,"pediatrician Lance Rodewald , M.D. , director of the Immunization Services Division of the CDC",4 - The source is somewhat reliable,0.43,""
7,3aa14c73-8743-4d1f-893b-5ffecd638fb1,The-Independent_20170606T163405.conll.annot,26,1,The Independent,Experts,4 - The source is somewhat reliable,0.57,""
7,39efad73-4ff4-4b57-b243-ebd219a8a107,immunize-org_20161124T165410.conll.annot,259,5,www.immunize.org,ACIP,3 - The source is potentially reliable,0.57,""
7,39a1c6cf-027e-4e07-9227-056e95366514,Parents_20170705T132137.conll.annot,43,27 28 29 30 31 32 33 34 35 36 37 38 39 40 41 42 43 44 45 46 47 48 49 50 51 52 53 54 55 56 57 58 59 60 61 62 63 64,Parents,"Paul Offit , M.D. , director of the vaccine education center at Children 's Hospital of Philadelphia and the author of Autism 's False Profits : Bad Science , Risky Medicine , and the Search for a Cure",5 - The source is fully reliable,0.43,""
7,36190435-4c24-4e0a-af95-00ff82a910ef,Respectful-Insolence_20170620T075501.conll.annot,86,4,Respectful Insolence,Brazil,2 - The source is somewhat unreliable,0.57,""
7,3a5e96b9-576e-448e-9904-8e1d9f4109e2,Child-Health-Safety_20170626T115833.conll.annot,356,17 18,________________Child Health Safety_________________,the study,3 - The source is potentially reliable,0.57,""
7,3824370a-8d08-4fdb-87dc-82d52cbdb57b,PublicHealth-org_20170623T200727.conll.annot,72,12,PublicHealth.org,people,2 - The source is somewhat unreliable,0.29,""
7,39147481-1bf6-4677-a1ea-72b3d0feb384,vaccine-injury-info_20170922T015859.conll.annot,311,39 40 41,vaccine-injury.info,Proponents of vaccines,3 - The source is potentially reliable,0.43,""
7,3a790a7f-9d6b-4639-9364-c23926bbd6eb,fda-gov_20170629T110653.conll.annot,50,1 2 3,www.fda.gov,The Federal Government,4 - The source is somewhat reliable,0.43,""
7,37c00a43-1fd1-466d-bfa4-cf5537e7f651,The-Independent_20170606T163405.conll.annot,3,9 10 11 12 13 14 15,The Independent,one in three supporters of Donald Trump,1 - The source is totally unreliable,0.57,""
7,36c9eca7-ca9f-46cb-a5e4-462774eb4770,immunize-org_20161124T165410.conll.annot,240,3,www.immunize.org,CDC,5 - The source is fully reliable,0.71,""
7,377b8409-a8c8-4c5a-bc5f-2925503e4b32,The-People's-Chemist_20170219T051704.conll.annot,56,4 5 6 7 8 9,The People's Chemist,The Indian Journal of Medical Ethics,3 - The source is potentially reliable,0.29,""
7,3963ab9b-f702-4961-96dd-83b76a1d9e1f,acsh-org_20170607T114623.conll.annot,4,11 12,www.acsh.org,De Niro,1 - The source is totally unreliable,0.29,""
7,31337f1c-ef4d-4dc3-986b-17606d850db5,Vaccine-Impact_20160729T094056.conll.annot,23,1 2 4 5 6 7 8 9,Vaccine Impact,"Many doctors consider themselves “ pro-vaccine , ”",3 - The source is potentially reliable,0.43,""
7,3234cafe-70a5-4b31-b962-a81a8ff6820d,nytimes-com_20170309T113837.conll.annot,52,30 31 32 33 34 35 36,www.nytimes.com,"Tiffany Magee , a mother of three",3 - The source is potentially reliable,0.43,""
7,2ef37d54-6f46-402e-b8cb-b274aa9eff71,the-Guardian_20170928T060038.conll.annot,28,1 2 3 4 5 6 7 8 9 10,the Guardian,The Centers for Disease Control and Prevention ( CDC ),5 - The source is fully reliable,1.0,""
7,34a6d752-c63e-4621-8fdc-a0d7c23034b9,Parents_20170705T132137.conll.annot,15,1 2 3 4 5 6 7 8 9 10,Parents,The Centers for Disease Control and Prevention ( CDC ),5 - The source is fully reliable,0.86,""
7,327196cf-036e-4c29-9f6d-c3f02355eecf,vaccine-injury-info_20170922T015859.conll.annot,303,39 40,vaccine-injury.info,Anthony Gucciardi,1 - The source is totally unreliable,0.57,""
7,2e62cf5e-2dd7-4efb-8c21-c6d916780868,avn-org-au_20170316T033821.conll.annot,2,29 30 31,avn.org.au,a firsthand report,3 - The source is potentially reliable,0.57,""
7,36480d4d-05ae-427a-b511-0e34ef9ce147,Health-Impact-News_20170428T192431.conll.annot,120,4 5 6,Health Impact News,A 1984 study,2 - The source is somewhat unreliable,0.43,""
7,363e1885-e42c-45af-8eb4-5e6ff843de20,LifeSiteNews_20170611T045238.conll.annot,48,7,LifeSiteNews,Clowes,2 - The source is somewhat unreliable,0.43,""
7,36321b33-1eed-4d9b-b1c9-db1bcbdfce90,POLITICO_20170925T004222.conll.annot,5,1,POLITICO,Trump,1 - The source is totally unreliable,0.57,""
7,261261d5-7928-4271-88de-71fdc9af69cc,Respectful-Insolence_20170620T075501.conll.annot,100,11 12 13 14,Respectful Insolence,one of his characters,1 - The source is totally unreliable,0.43,""
7,33d0b06e-5607-4d41-bbd5-a38b58784d2e,21st-Century-Wire_20170627T181355.conll.annot,30,9 10,21st Century Wire,the media,3 - The source is potentially reliable,0.57,""
7,31530164-8a30-44d9-9322-a15e776c73c0,Travel-Ready-MD_20161230T060426.conll.annot,5,7 8,Travel Ready MD,the CDC,5 - The source is fully reliable,0.71,""
7,3367e0c2-1689-4282-8e8b-88620f4b19d9,Child-Health-Safety_20170626T115833.conll.annot,185,2,________________Child Health Safety_________________,Biggs,3 - The source is potentially reliable,0.57,""
7,3256200d-8959-4f20-b476-02d6cf69434a,Epilepsy-Foundation_20161027T230500.conll.annot,1,8 9 10 11 12 13 14 15 16 17 18 19 20 21 22 23 24 25 26 27 28,Epilepsy Foundation,"federal public health officials at the National Vaccine Injury Compensation Program , Public Health Service ( Pediatrics ; March 1998 )",5 - The source is fully reliable,0.57,""
7,2cdcd5c4-0cfd-41c0-a90c-097812fe4fb7,The-Conversation_20170404T205549.conll.annot,24,1 2 3,The Conversation,Several major studies,3 - The source is potentially reliable,0.71,""
7,308693bf-4807-4f9b-845c-5ba12cd28311,Respectful-Insolence_20170620T075501.conll.annot,52,25 26,Respectful Insolence,the CDC,5 - The source is fully reliable,0.57,""
7,2dac5798-3526-4c45-9243-a73282133d8a,NY-Daily-News_20160704T092017.conll.annot,1,32 33,NY Daily News,a study,4 - The source is somewhat reliable,0.29,""
7,30fe1e62-db5e-4180-97ab-4657c6862aa8,Stop-Mandatory-Vaccination_20170324T022210.conll.annot,165,1 2,Stop Mandatory Vaccination,Irena Stepanova,1 - The source is totally unreliable,0.71,""
7,2b24a635-f523-4d3a-bf7e-1b702326dc5d,State-of-Health_20160131T151029.conll.annot,8,23 24,State of Health,her co-authors,3 - The source is potentially reliable,0.57,""
7,2cf9fca7-b5df-42b4-b493-408ddaa17e3f,NBC-News_20170816T081550.conll.annot,39,6,NBC News,parents,2 - The source is somewhat unreliable,0.43,""
7,2a71daab-88da-4c9d-949b-455cda07cebf,SELF_20170611T091338.conll.annot,27,1,SELF,Laham,3 - The source is potentially reliable,0.43,""
7,1b51aa20-efe1-403e-bbbf-a01c18397c7c,avn-org-au_20170316T033821.conll.annot,12,23 24 25,avn.org.au,that internal voice,1 - The source is totally unreliable,0.57,""
7,2ce8b655-1fd0-432e-8f12-1c0d18d1f332,Epilepsy-Foundation_20161027T230500.conll.annot,184,1 2 3,Epilepsy Foundation,Not one doctor,4 - The source is somewhat reliable,0.29,""
7,223950b7-89de-4be1-a6ad-5a545c9f22f7,en-wikipedia-org_20170519T045515.conll.annot,63,10 11 12 13,en.wikipedia.org,the General Medical Council,4 - The source is somewhat reliable,0.43,""
7,2abac666-7ff5-4251-a6c0-1d2f2e022a6d,greenmedinfo-com_20170703T045312.conll.annot,24,13 14,www.greenmedinfo.com,the authors,3 - The source is potentially reliable,0.57,""
7,2035ba34-1ca8-41d4-be30-b6b96028935b,reasonable-hank_20170912T094538.conll.annot,27,206 207,reasonable hank,Brian Hooker,4 - The source is somewhat reliable,0.29,""
7,287f15b7-d6a2-4d88-a66a-dede34237362,Kelly-Brogan-MD_20170813T110455.conll.annot,48,27 28 29,Kelly Brogan MD,current immune theories,2 - The source is somewhat unreliable,0.43,""
7,22c4a50f-efc0-4164-95ba-de1dac206e7a,greenmedinfo-com_20161214T033718.conll.annot,4,3 4 5,www.greenmedinfo.com,the prevailing propaganda,1 - The source is totally unreliable,0.86,""
7,1e5dbe5c-549f-4afa-8181-11b0366e808f,nytimes-com_20161229T124138.conll.annot,251,4,www.nytimes.com,parents,2 - The source is somewhat unreliable,0.57,""
7,2af8bbb9-9511-4dfe-bcdf-c0f06b9b0ff2,Banning-Beaumont-CA-Patch_20150812T082915.conll.annot,15,14 15 16 17 18,Banning-Beaumont CA Patch,the Centers for Disease Control,5 - The source is fully reliable,0.71,""
7,21368376-2568-42d2-8a1b-41385076becb,drsuzanne-net_20170606T042830.conll.annot,28,28 29,drsuzanne.net,my opinion,1 - The source is totally unreliable,0.57,""
7,2502197e-ef02-47b3-aafc-9fc0a8274188,fiercepharma-com_20170929T110920.conll.annot,11,20,www.fiercepharma.com,Fitzgerald,1 - The source is totally unreliable,0.43,""
7,19e79114-4dfe-4309-ae57-731e4317a74c,influenzareport-com_20161018T081025.conll.annot,22,28 29,www.influenzareport.com,Couch 1997,4 - The source is somewhat reliable,0.29,""
7,1d3bd0b8-4c37-4bd8-b804-7d59dda16480,CNN_20170928T102949.conll.annot,46,25,CNN,Ehresmann,4 - The source is somewhat reliable,0.57,""
7,27a0ac70-a083-47c6-bb46-8cec3317ad0c,Epilepsy-Foundation_20161027T230500.conll.annot,210,3 4,Epilepsy Foundation,another doctor,3 - The source is potentially reliable,0.71,""
7,105c6629-2c9c-4dcb-98a9-c93fe6600376,21st-Century-Wire_20170627T181355.conll.annot,55,1 2 3 4 5 6 7 8,21st Century Wire,"Laura Hayes , of Age of Autism ,",2 - The source is somewhat unreliable,0.43,""
7,1d2e331b-ae07-4cc9-a15d-e7745604995c,UPMC-&-Pitt-Health-Sciences-News-Blog_20161107T195115.conll.annot,8,3 4 5 6 7 8 9 10 11 12 13,UPMC & Pitt Health Sciences News Blog,the U.S. Centers for Disease Control and Prevention ( CDC ),5 - The source is fully reliable,0.86,""
7,1e4c8c09-792d-4ac6-81be-184530086ceb,NPR-org_20170313T074645.conll.annot,25,1 2,NPR.org,Disney officials,3 - The source is potentially reliable,0.57,""
7,1e29939f-f702-455c-ae03-0f07e7a4a907,The-Independent_20170606T163405.conll.annot,4,2 3 4 5 6 7 8 9,The Independent,Around one in five supporters of Hillary Clinton,2 - The source is somewhat unreliable,0.29,""
7,193bfe17-fbe3-4ca2-9d44-c38f63898ccf,AGE-OF-AUTISM_20170620T044415.conll.annot,38,1,AGE OF AUTISM,Buttery,1 - The source is totally unreliable,0.57,""
7,20355f22-8b2e-4440-83b8-900da1feb49e,vaccine-injury-info_20170922T015859.conll.annot,20,1 2,vaccine-injury.info,The doctors,3 - The source is potentially reliable,0.29,""
7,182f131c-639f-490d-a3a1-e05694db0ac4,yahoo-com_20161107T201934.conll.annot,11,4 5,www.yahoo.com,Health officials,4 - The source is somewhat reliable,0.57,""
7,1f8bf993-a520-4900-a98c-b217aa86aac9,NaturalNews_20170628T230637.conll.annot,16,13 14 15 16 17 18 19,NaturalNews,Shane Ellison from The People 's Chemist,3 - The source is potentially reliable,0.57,""
7,1b45b9be-5f9c-45a3-9311-7feefe5d1de9,NaturalNews_20161122T084557.conll.annot,20,1 2 3 4,NaturalNews,American Press and Radio,4 - The source is somewhat reliable,0.43,""
7,1f414f12-e590-4acc-a6d3-87c79388225f,Respectful-Insolence_20170620T075501.conll.annot,52,7,Respectful Insolence,one,1 - The source is totally unreliable,0.43,""
7,1d778c81-0322-41f1-84cf-b72d7c3c5fae,Washington-Post_20170826T112301.conll.annot,55,20,Washington Post,experts,4 - The source is somewhat reliable,0.43,""
7,10fe8096-fa9c-43eb-9cb4-43a5caedf4eb,NPR-org_20161222T133200.conll.annot,3,23 24 25 26,NPR.org,WOSU reporter Steve Brown,3 - The source is potentially reliable,0.43,""
7,19f39439-c298-477a-9720-9defedf1436b,Washington-Post_20170826T112301.conll.annot,35,34 35 36 37 38 39 40 41 42 43 44 45 46,Washington Post,"Mark Jones , a political science professor at Rice University in Houston .",5 - The source is fully reliable,0.71,""
7,16b7fe26-7985-4343-afaa-1410429bf5b4,immunise-health-gov-au_20170626T104650.conll.annot,20,43 44 45 46,www.immunise.health.gov.au,one United States study,3 - The source is potentially reliable,0.57,""
7,1a94f05e-2097-4c9d-a37d-166d4771d211,CIDRAP_20161223T092534.conll.annot,20,3 4 5,CIDRAP,the new report,3 - The source is potentially reliable,0.71,""
7,1c038959-70a8-4343-b53e-d4d8580d727f,influenzareport-com_20161018T081025.conll.annot,64,29 30,www.influenzareport.com,Hilleman 2002,4 - The source is somewhat reliable,0.29,""
7,1ceb2d94-dba3-441f-8d2e-395b4f8772a7,nytimes-com_20161229T124138.conll.annot,102,1 2,www.nytimes.com,Many parents,2 - The source is somewhat unreliable,0.57,""
7,0bd6f273-79ef-4c80-a049-c664291c52cf,International-Medical-Council-on-Vaccination_20170308T114510.conll.annot,163,10 11,International Medical Council on Vaccination,your doctor,3 - The source is potentially reliable,0.57,""
7,1795c49f-fd04-454c-884e-d0ef2b3c98f1,CNN_20170808T234859.conll.annot,27,10 11,CNN,some children,2 - The source is somewhat unreliable,0.57,""
7,00c1d6c5-2911-49c4-bf5d-799fa8fa04d6,Live-Science_20170315T223305.conll.annot,9,12 13 14 15 16 17 18 19 20 21 22 23 24 25,Live Science,"Jennifer Reich , an associate professor of sociology at the University of Colorado Denver",5 - The source is fully reliable,0.57,""
7,190d7e3e-3a88-461f-bc68-b0ca6daea245,Stop-Mandatory-Vaccination_20161120T082441.conll.annot,159,4 5,Stop Mandatory Vaccination,a paper,1 - The source is totally unreliable,0.43,""
7,1127ae87-31f4-4ec4-91cc-00146cc093f2,dogsnaturallymagazine-com_20170804T052804.conll.annot,7,1 2,www.dogsnaturallymagazine.com,Dr Schultz,1 - The source is totally unreliable,0.43,""
7,173e220e-578b-4307-9705-82473eaa9e6b,Parents_20170705T132137.conll.annot,66,26 27,Parents,Dr. Sears,3 - The source is potentially reliable,0.57,""
7,1615ac50-e648-4edf-8dc9-30dc3c4181c5,Child-Health-Safety_20170626T115833.conll.annot,240,7 8 9 10,________________Child Health Safety_________________,our advices and queries,3 - The source is potentially reliable,0.43,""
7,11481649-d296-4a90-be57-cdc22134381f,wonkette-com_20160919T234256.conll.annot,3,57 58 59,wonkette.com,a new analysis,3 - The source is potentially reliable,0.43,""
7,12d60537-dd99-492a-8454-108bb9a5edab,Skeptical-Raptor_20170628T161832.conll.annot,35,1,Skeptical Raptor,Grabenstein,1 - The source is totally unreliable,0.57,""
7,0c5013bd-5cbc-43c2-b051-e524e380eec7,en-wikipedia-org_20170615T120212.conll.annot,131,4 5 6 7 8 9 10 11 12 13 14 15 16 17 18 19 20,en.wikipedia.org,studies regarding the effectiveness of vaccines on mortality or morbidity rates of those exposed to various diseases,3 - The source is potentially reliable,0.43,""
7,0d39179d-0948-4d16-90c8-398832c1de5e,SELF_20170611T091338.conll.annot,34,3,SELF,Adalja,2 - The source is somewhat unreliable,0.57,""
7,0ed46149-1768-47e5-acfb-a8f496560bda,influenzareport-com_20161018T081025.conll.annot,104,11 12 13 14 15 16 17 18 19,www.influenzareport.com,a study by Gurfinkel et al. ( 2004 ),3 - The source is potentially reliable,0.57,""
7,0e3912f3-987f-414c-a153-518a0b4b3100,cdc-gov_20170703T010627.conll.annot,3,1 2 3 4 5 6 7 8 9 10 11,www.cdc.gov,Recent estimates from CDC ’s Autism and Developmental Disabilities Monitoring Network,5 - The source is fully reliable,0.71,""
7,0e188dd8-f5fa-46ec-ad6f-8d3c0180cada,National-Vaccine-Information-Center-(NVIC)_20170701T193111.conll.annot,23,42 43 44,National Vaccine Information Center (NVIC),other vaccine provider,3 - The source is potentially reliable,0.43,""
7,07bcbf7c-c2d4-4ae4-b1cf-ce34df90b74b,ThinkProgress_20160723T110700.conll.annot,14,1,ThinkProgress,Majumder,2 - The source is somewhat unreliable,0.43,""
7,0b7494c2-2e89-4597-8153-14bb2d9d5e8f,Petful_20170310T005844.conll.annot,31,1,Petful,Studies,3 - The source is potentially reliable,0.57,""
7,0f38af51-340a-4c02-a079-8fa6f39ecfb4,ThinkProgress_20160723T110700.conll.annot,1,19 20,ThinkProgress,health officials,3 - The source is potentially reliable,0.43,""
7,1059999f-00d8-4629-b981-362561b2eb1e,Respectful-Insolence_20170620T075501.conll.annot,93,4 5,Respectful Insolence,Dr. Orient,3 - The source is potentially reliable,0.29,""
7,0329c68d-5f0a-4d0d-aa33-7952295bcd38,immunize-org_20161124T165410.conll.annot,78,3,www.immunize.org,ACIP,3 - The source is potentially reliable,0.43,""
7,0de1733c-bf30-4505-a0a6-5379f02d9aee,National-Vaccine-Information-Center-(NVIC)_20170701T193111.conll.annot,12,2 3 4 5 6,National Vaccine Information Center (NVIC),"Institute of Medicine , 201322",3 - The source is potentially reliable,0.43,""
7,0e3c51be-4314-488f-9023-6e718895652c,WebMD_20160925T143503.conll.annot,2,22 23 24 25 26 27 28 29 30 31 32 33 34,WebMD,"study author Maimuna Majumder , a research fellow at Boston Children 's Hospital",4 - The source is somewhat reliable,0.43,""
7,073f3792-6ab8-4d2e-ba4e-5115fb7eeee4,vaccine-injury-info_20170922T015859.conll.annot,151,2 3 4 5,vaccine-injury.info,"Marcella Piper-Terry , MS",1 - The source is totally unreliable,0.57,""
7,006ef473-01cd-4be4-bb6a-8a4226724a18,Infowars_20170416T154207.conll.annot,3,9 10 11 12,Infowars,Michelle Goldstein of VacTruth.com,1 - The source is totally unreliable,0.86,""
7,078290cd-033e-4ed3-995e-4f6e62a96388,National-Vaccine-Information-Center-(NVIC)_20170616T025538.conll.annot,12,4 5,National Vaccine Information Center (NVIC),Dr. Cherry,3 - The source is potentially reliable,0.43,""
7,07ad0ac1-9874-4238-aabf-1acc80e59e2d,sharylattkisson-com_20171001T192931.conll.annot,73,2,sharylattkisson.com,Critics,1 - The source is totally unreliable,0.57,""
7,09f6f6ee-cbc7-4955-a99f-12ff11e5bf17,CNN_20170928T102949.conll.annot,19,17,CNN,Ehresmann,4 - The source is somewhat reliable,0.29,""
7,049e3458-dd1e-4286-9da3-3239d32af22a,PBS-NewsHour_20161202T134302.conll.annot,46,20,PBS NewsHour,Bredesen,5 - The source is fully reliable,0.29,""
7,02161304-022d-4fa8-a84b-f162d2e7e545,the-Guardian_20170928T060038.conll.annot,3,1 2 3 4,the Guardian,The Republican presidential frontrunner,5 - The source is fully reliable,0.43,""
7,08114537-6da9-4ea8-b24e-b3daf3956ae6,NBC-News_20170816T081550.conll.annot,33,2 3 4,NBC News,study after study,4 - The source is somewhat reliable,0.43,""
7,06e77487-65e2-41e9-85aa-f9d69c28d8dd,netmums-com_20160105T011148.conll.annot,8,3 4,www.netmums.com,my hv,2 - The source is somewhat unreliable,0.43,""
7,02f07c9d-5d61-4971-85d4-0fa3dbff761e,Child-Health-Safety_20170626T115833.conll.annot,367,15 16,________________Child Health Safety_________________,the GP,2 - The source is somewhat unreliable,0.43,""
